rigSerial,startHoleTime,endHoleTime,currentShift,software,holeID,drilledMeters,penRate,overDrill,spatialInaccuracy,bitDiameter,GPS,posMode,anchorMode,collarMode,drillMode,activationMode,borderHoleFlag,status
RigNumber,31/01/2025 15:15,31/01/2025 15:21,2025-01-31 D,6.28.1,1,3.912252037,0.019721,-10000,-10000,165,1,None,None,None,1,None,1,Success
RigNumber,31/01/2025 15:23,31/01/2025 15:28,2025-01-31 D,6.28.1,2,3.990762458,0.022248,-10000,-10000,165,1,None,None,None,1,None,1,Success
RigNumber,31/01/2025 15:35,31/01/2025 15:40,2025-01-31 D,6.28.1,3,3.908833586,0.022118,-10000,-10000,165,1,None,None,None,1,None,1,Success
RigNumber,31/01/2025 15:43,31/01/2025 15:47,2025-01-31 D,6.28.1,4,3.890568082,0.0257,-10000,-10000,165,1,None,None,None,1,None,0,Success
RigNumber,31/01/2025 15:53,31/01/2025 15:57,2025-01-31 D,6.28.1,5,3.900862725,0.022815,-10000,-10000,165,1,None,None,None,1,None,0,Success
RigNumber,31/01/2025 16:00,31/01/2025 16:05,2025-01-31 D,6.28.1,6,4.070084766,0.020927,-10000,-10000,165,1,None,None,None,1,None,0,Success
RigNumber,31/01/2025 16:17,31/01/2025 16:23,2025-01-31 D,6.28.1,7,4.384698507,0.019082,-10000,-10000,165,1,None,None,None,1,None,1,Success
RigNumber,31/01/2025 16:38,31/01/2025 16:44,2025-01-31 D,6.28.1,8,5.004572409,0.019062,-10000,-10000,165,1,None,None,None,1,None,0,Success
RigNumber,31/01/2025 17:07,31/01/2025 17:17,2025-01-31 D,6.28.1,9,5.129322762,0.01798,-10000,-10000,165,1,None,None,None,1,None,0,Success
RigNumber,31/01/2025 17:28,31/01/2025 17:33,2025-01-31 D,6.28.1,10,4.684624425,0.020939,-10000,-10000,165,1,None,None,None,1,None,1,Success
RigNumber,31/01/2025 17:37,31/01/2025 17:47,2025-01-31 D,6.28.1,11,5.492207662,0.013621,-10000,-10000,165,1,None,None,None,1,None,1,Success
RigNumber,31/01/2025 17:57,31/01/2025 18:04,2025-01-31 D,6.28.1,12,4.852091714,0.021233,-10000,-10000,165,1,None,None,None,1,None,1,Success
RigNumber,31/01/2025 18:10,31/01/2025 18:16,2025-01-31 N,6.28.1,13,4.876148172,0.021546,-10000,-10000,165,1,None,None,None,1,None,1,Success
RigNumber,31/01/2025 18:20,31/01/2025 18:34,2025-01-31 N,6.28.1,14,4.988005012,0.018155,-10000,-10000,165,1,None,None,None,1,None,1,Success
RigNumber,31/01/2025 18:38,31/01/2025 18:45,2025-01-31 N,6.28.1,15,5.015062612,0.018432,-10000,-10000,165,1,None,None,None,1,None,1,Success
RigNumber,31/01/2025 18:54,31/01/2025 19:01,2025-01-31 N,6.28.1,16,5.001212153,0.018784,-10000,-10000,165,1,None,None,None,1,None,1,Success
RigNumber,31/01/2025 19:17,31/01/2025 19:24,2025-01-31 N,6.28.1,17,4.950751963,0.020176,-10000,-10000,165,1,None,None,None,1,None,1,Success
RigNumber,31/01/2025 19:40,31/01/2025 19:46,2025-01-31 N,6.28.1,18,4.808259248,0.021623,-10000,-10000,165,1,None,None,None,1,None,1,Success
RigNumber,31/01/2025 19:57,31/01/2025 20:06,2025-01-31 N,6.28.1,19,4.701240368,0.02049,-10000,-10000,165,1,None,None,None,1,None,1,Success
RigNumber,31/01/2025 20:15,31/01/2025 20:30,2025-01-31 N,6.28.1,20,4.553015814,0.018693,-10000,-10000,165,1,None,None,None,1,None,1,Success
RigNumber,31/01/2025 20:43,31/01/2025 20:50,2025-01-31 N,6.28.1,21,4.47706712,0.018643,-10000,-10000,165,1,None,None,None,1,None,1,Success
RigNumber,31/01/2025 20:55,31/01/2025 21:07,2025-01-31 N,6.28.1,22,4.40507673,0.013867,-10000,-10000,165,1,None,None,None,1,None,1,Success
RigNumber,31/01/2025 21:11,31/01/2025 21:17,2025-01-31 N,6.28.1,23,4.317177203,0.019908,-10000,-10000,165,1,None,None,None,1,None,1,Success
RigNumber,31/01/2025 21:21,31/01/2025 21:41,2025-01-31 N,6.28.1,24,4.402319048,0.018453,-10000,-10000,165,1,None,None,None,1,None,1,Success
RigNumber,31/01/2025 21:47,31/01/2025 21:53,2025-01-31 N,6.28.1,25,4.288376966,0.026475,-10000,-10000,165,1,None,None,None,1,None,1,Success
RigNumber,31/01/2025 21:57,31/01/2025 22:03,2025-01-31 N,6.28.1,26,4.392220054,0.019103,-10000,-10000,165,1,None,None,None,1,None,1,Success
RigNumber,31/01/2025 22:09,31/01/2025 22:15,2025-01-31 N,6.28.1,27,4.381173587,0.017267,-10000,-10000,165,1,None,None,None,1,None,1,Success
RigNumber,31/01/2025 22:47,31/01/2025 22:53,2025-01-31 N,6.28.1,28,3.904590632,0.021931,-10000,-10000,165,1,None,None,None,1,None,1,Success
RigNumber,31/01/2025 22:56,31/01/2025 23:02,2025-01-31 N,6.28.1,29,3.968685929,0.019103,-10000,-10000,165,1,None,None,None,1,None,1,Success
RigNumber,31/01/2025 23:05,31/01/2025 23:10,2025-01-31 N,6.28.1,30,3.927573551,0.0213,-10000,-10000,165,1,None,None,None,1,None,1,Success
RigNumber,31/01/2025 23:13,31/01/2025 23:17,2025-01-31 N,6.28.1,31,3.946896502,0.029033,-10000,-10000,165,1,None,None,None,1,None,1,Success
RigNumber,31/01/2025 23:20,31/01/2025 23:25,2025-01-31 N,6.28.1,32,3.864649143,0.028,-10000,-10000,165,1,None,None,None,1,None,1,Success
RigNumber,31/01/2025 23:29,31/01/2025 23:44,2025-01-31 N,6.28.1,33,3.937553682,0.006953,-10000,-10000,165,1,None,None,None,1,None,1,Success
RigNumber,31/01/2025 23:47,31/01/2025 23:53,2025-01-31 N,6.28.1,34,3.845335616,0.023617,-10000,-10000,165,1,None,None,None,1,None,1,Success
RigNumber,31/01/2025 23:55,01/02/2025 00:00,2025-01-31 N,6.28.1,35,3.897266093,0.024691,-10000,-10000,165,1,None,None,None,1,None,0,Success
RigNumber,01/02/2025 00:03,01/02/2025 00:08,2025-01-31 N,6.28.1,36,3.919441414,0.022341,0.327,0.032756679,165,1,None,None,None,1,None,0,Success
RigNumber,01/02/2025 00:11,01/02/2025 00:16,2025-01-31 N,6.28.1,37,3.999340696,0.020768,0.317,0.023021729,165,1,None,None,None,1,None,0,Success
RigNumber,01/02/2025 00:19,01/02/2025 00:24,2025-01-31 N,6.28.1,38,3.989405219,0.024695,0.35,0.014317821,165,1,None,None,None,1,None,0,Success
RigNumber,01/02/2025 00:39,01/02/2025 01:02,2025-01-31 N,6.28.1,39,3.975283386,0.021217,0.345,0.072732386,165,1,None,None,None,1,None,0,Success
RigNumber,01/02/2025 01:05,01/02/2025 01:10,2025-01-31 N,6.28.1,40,3.972637663,0.021928,0.354,0.035735137,165,1,None,None,None,1,None,0,Success
RigNumber,01/02/2025 01:13,01/02/2025 01:20,2025-01-31 N,6.28.1,41,3.962613405,0.022728,0.334,0.031048349,165,1,None,None,None,1,None,0,Success
RigNumber,01/02/2025 01:22,01/02/2025 01:31,2025-01-31 N,6.28.1,42,4.006647601,0.024403,0.331,0.033615473,165,1,None,None,None,1,None,0,Success
RigNumber,01/02/2025 01:34,01/02/2025 01:41,2025-01-31 N,6.28.1,43,4.092641323,0.020442,0.291,0.04596738,165,1,None,None,None,1,None,0,Success
RigNumber,01/02/2025 01:44,01/02/2025 01:49,2025-01-31 N,6.28.1,44,4.244313019,0.027487,0.329,0.052325901,165,1,None,None,None,1,None,0,Success
RigNumber,01/02/2025 01:56,01/02/2025 02:01,2025-01-31 N,6.28.1,45,3.953488965,0.02511,0.341,0.04501111,165,1,None,None,None,1,None,0,Success
RigNumber,01/02/2025 02:04,01/02/2025 02:11,2025-01-31 N,6.28.1,46,4.072586647,0.014239,0.331,0.026832816,165,1,None,None,None,1,None,0,Success
RigNumber,01/02/2025 02:14,01/02/2025 02:19,2025-01-31 N,6.28.1,47,4.176843425,0.022343,0.345,0.035777087,165,1,None,None,None,1,None,0,Success
RigNumber,01/02/2025 02:22,01/02/2025 02:28,2025-01-31 N,6.28.1,48,4.321493492,0.025059,0.354,0.013928388,165,1,None,None,None,1,None,0,Success
RigNumber,01/02/2025 02:31,01/02/2025 02:36,2025-01-31 N,6.28.1,49,4.364559084,0.022751,0.351,0.018384776,165,1,None,None,None,1,None,0,Success
RigNumber,01/02/2025 02:42,01/02/2025 02:55,2025-01-31 N,6.28.1,50,4.435713471,0.025388,0.329,0.023086794,165,1,None,None,None,1,None,0,Success
RigNumber,01/02/2025 03:02,01/02/2025 03:09,2025-01-31 N,6.28.1,51,4.219805801,0.025533,0.349,0.028160256,165,1,None,None,None,1,None,0,Success
RigNumber,01/02/2025 03:11,01/02/2025 03:18,2025-01-31 N,6.28.1,52,4.272630688,0.021145,0.333,0.023259407,165,1,None,None,None,1,None,0,Success
RigNumber,01/02/2025 03:27,01/02/2025 03:38,2025-01-31 N,6.28.1,53,4.444976603,0.021639,0.337,0.037443291,165,1,None,None,None,1,None,0,Success
RigNumber,01/02/2025 03:41,01/02/2025 03:49,2025-01-31 N,6.28.1,54,4.360606609,0.021074,0.293,0.072249567,165,1,None,None,None,1,None,0,Success
RigNumber,01/02/2025 03:52,01/02/2025 04:01,2025-01-31 N,6.28.1,55,4.630734283,0.014066,0.34,0.042296572,165,1,None,None,None,1,None,0,Success
RigNumber,01/02/2025 04:04,01/02/2025 04:09,2025-01-31 N,6.28.1,56,4.568552725,0.02456,0.36,0.023,165,1,None,None,None,1,None,0,Success
RigNumber,01/02/2025 04:14,01/02/2025 04:21,2025-01-31 N,6.28.1,57,4.982264846,0.018239,0.324,0.037,165,1,None,None,None,1,None,0,Success
RigNumber,01/02/2025 04:23,01/02/2025 04:29,2025-01-31 N,6.28.1,58,4.846937693,0.024885,0.338,0.033600595,165,1,None,None,None,1,None,0,Success
RigNumber,01/02/2025 04:32,01/02/2025 04:44,2025-01-31 N,6.28.1,59,4.913524397,0.010251,0.343,0.039812058,165,1,None,None,None,1,None,0,Success
RigNumber,01/02/2025 04:47,01/02/2025 04:52,2025-01-31 N,6.28.1,60,5.120463358,0.02683,0.34,0.047507894,165,1,None,None,None,1,None,0,Success
RigNumber,01/02/2025 04:55,01/02/2025 05:06,2025-01-31 N,6.28.1,61,5.205819148,0.010264,0.332,0.048083261,165,1,None,None,None,1,None,0,Success
RigNumber,01/02/2025 05:09,01/02/2025 05:15,2025-01-31 N,6.28.1,62,5.296052964,0.023657,0.328,0.017804493,165,1,None,None,None,1,None,0,Success
RigNumber,01/02/2025 05:20,01/02/2025 05:49,2025-01-31 N,6.28.1,63,5.023490918,0.02226,0.353,0.044102154,165,0,None,None,None,1,None,0,Fail
RigNumber,01/02/2025 05:51,01/02/2025 05:58,2025-01-31 N,6.28.1,64,5.048723106,0.022036,0.346,0.03088689,165,1,None,None,None,1,None,0,Success
RigNumber,01/02/2025 06:00,01/02/2025 06:06,2025-02-01 D,6.28.1,65,5.00370113,0.02255,0.348,0.034234486,165,1,None,None,None,1,None,0,Success
RigNumber,01/02/2025 06:19,01/02/2025 06:25,2025-02-01 D,6.28.1,66,5.048893839,0.020378,0.341,0.01603122,165,1,None,None,None,1,None,0,Success
RigNumber,01/02/2025 06:28,01/02/2025 06:33,2025-02-01 D,6.28.1,67,5.138391383,0.039475,0.352,0.002828427,165,1,None,None,None,1,None,0,Success
RigNumber,01/02/2025 06:35,01/02/2025 06:41,2025-02-01 D,6.28.1,68,5.203197959,0.024342,0.329,0.03106445,165,1,None,None,None,1,None,0,Success
RigNumber,01/02/2025 06:46,01/02/2025 06:53,2025-02-01 D,6.28.1,69,5.128538681,0.018338,0.343,0.103585713,165,1,None,None,None,1,None,0,Success
RigNumber,01/02/2025 06:56,01/02/2025 07:03,2025-02-01 D,6.28.1,70,5.022652486,0.021399,0.342,0.050990195,165,1,None,None,None,1,None,0,Success
RigNumber,01/02/2025 07:05,01/02/2025 07:27,2025-02-01 D,6.28.1,71,4.91959043,0.019475,0.326,0.043908997,165,1,None,None,None,1,None,0,Success
RigNumber,01/02/2025 07:30,01/02/2025 08:01,2025-02-01 D,6.28.1,72,5.063666458,0.019137,0.337,0.021023795,165,1,None,None,None,1,None,0,Success
RigNumber,01/02/2025 08:04,01/02/2025 08:10,2025-02-01 D,6.28.1,73,5.194894224,0.025979,0.366,0.032249031,165,1,None,None,None,1,None,0,Success
RigNumber,01/02/2025 08:13,01/02/2025 08:30,2025-02-01 D,6.28.1,74,5.22108188,0.016049,0.348,0.066030296,165,1,None,None,None,1,None,0,Success
RigNumber,01/02/2025 08:37,01/02/2025 08:44,2025-02-01 D,6.28.1,75,5.264294255,0.015785,0.341,0.04767599,165,1,None,None,None,1,None,0,Success
RigNumber,01/02/2025 08:47,01/02/2025 08:54,2025-02-01 D,6.28.1,76,5.171594145,0.020485,0.328,0.026627054,165,1,None,None,None,1,None,0,Success
RigNumber,01/02/2025 08:56,01/02/2025 09:04,2025-02-01 D,6.28.1,77,5.075021773,0.016857,0.326,0.046065171,165,1,None,None,None,1,None,0,Success
RigNumber,01/02/2025 09:07,01/02/2025 09:18,2025-02-01 D,6.28.1,78,5.003735605,0.022205,0.325,0.017720045,165,1,None,None,None,1,None,0,Success
RigNumber,01/02/2025 09:25,01/02/2025 09:32,2025-02-01 D,6.28.1,79,5.078750732,0.021497,0.333,0.039293765,165,1,None,None,None,1,None,0,Success
RigNumber,01/02/2025 09:35,01/02/2025 09:43,2025-02-01 D,6.28.1,80,5.190667105,0.023949,0.334,0.075026662,165,1,None,None,None,1,None,0,Success
RigNumber,01/02/2025 09:47,01/02/2025 09:54,2025-02-01 D,6.28.1,81,5.256372609,0.025241,0.313,0.034481879,165,1,None,None,None,1,None,0,Success
RigNumber,01/02/2025 10:04,01/02/2025 10:10,2025-02-01 D,6.28.1,82,5.174476592,0.020416,0.354,0.028160256,165,1,None,None,None,1,None,0,Success
RigNumber,01/02/2025 10:15,01/02/2025 10:16,2025-02-01 D,6.28.1,83,1.038255267,0,-3.695,0.030265492,165,1,None,None,None,0,None,0,Fail
RigNumber,01/02/2025 18:23,01/02/2025 18:29,2025-02-01 N,6.28.1,84,4.092473091,0.017884,0.338,0.06720863,165,1,None,None,None,1,None,0,Success
RigNumber,01/02/2025 18:34,01/02/2025 18:40,2025-02-01 N,6.28.1,85,4.996685501,0.019024,0.339,0.038639359,165,1,None,None,None,1,None,0,Success
RigNumber,01/02/2025 18:50,01/02/2025 18:57,2025-02-01 N,6.28.1,86,5.073162525,0.020423,0.328,0.145962324,165,1,None,None,None,1,None,0,Success
RigNumber,01/02/2025 19:01,01/02/2025 19:07,2025-02-01 N,6.28.1,87,5.085782241,0.027036,0.329,0.015297059,165,1,None,None,None,1,None,0,Success
RigNumber,01/02/2025 19:10,01/02/2025 19:17,2025-02-01 N,6.28.1,88,5.168734468,0.021622,0.344,0.03138471,165,1,None,None,None,1,None,0,Success
RigNumber,01/02/2025 19:45,01/02/2025 19:56,2025-02-01 N,6.28.1,89,3.939962056,0.01675,-10000,-10000,165,1,None,None,None,1,None,0,Success
RigNumber,01/02/2025 20:03,01/02/2025 20:09,2025-02-01 N,6.28.1,90,3.989012534,0.017547,0.345,0.029154759,165,1,None,None,None,1,None,0,Success
RigNumber,01/02/2025 20:14,01/02/2025 20:21,2025-02-01 N,6.28.1,91,3.998032516,0.015437,0.32,0.037215589,165,1,None,None,None,1,None,1,Success
RigNumber,01/02/2025 20:29,01/02/2025 21:04,2025-02-01 N,6.28.1,92,4.312338229,0.016639,0.335,0.027,165,1,None,None,None,1,None,0,Success
RigNumber,01/02/2025 21:15,01/02/2025 21:20,2025-02-01 N,6.28.1,93,4.39101412,0.022466,0.326,0.056859476,165,1,None,None,None,1,None,0,Success
RigNumber,01/02/2025 21:29,01/02/2025 21:35,2025-02-01 N,6.28.1,94,4.47073428,0.02316,0.333,0.032015621,165,1,None,None,None,1,None,0,Success
RigNumber,01/02/2025 21:37,01/02/2025 21:43,2025-02-01 N,6.28.1,95,4.564526701,0.021113,0.335,0.038600518,165,1,None,None,None,1,None,0,Success
RigNumber,01/02/2025 21:46,01/02/2025 21:52,2025-02-01 N,6.28.1,96,4.76335533,0.0258,0.346,0.002,165,1,None,None,None,1,None,0,Success
RigNumber,01/02/2025 21:54,01/02/2025 22:07,2025-02-01 N,6.28.1,97,4.818652716,0.01642,0.341,0.042296572,165,1,None,None,None,1,None,0,Success
RigNumber,01/02/2025 22:10,01/02/2025 22:15,2025-02-01 N,6.28.1,98,4.913729948,0.028386,0.33,0.050289163,165,1,None,None,None,1,None,0,Success
RigNumber,01/02/2025 22:20,01/02/2025 22:26,2025-02-01 N,6.28.1,99,4.625701028,0.018931,0.332,0.031048349,165,1,None,None,None,1,None,0,Success
RigNumber,01/02/2025 22:29,01/02/2025 22:35,2025-02-01 N,6.28.1,100,4.667388349,0.023536,0.341,0.012,165,1,None,None,None,1,None,0,Success
RigNumber,01/02/2025 22:37,01/02/2025 22:43,2025-02-01 N,6.28.1,101,4.683111893,0.021379,0.323,0.045221676,165,1,None,None,None,1,None,0,Success
RigNumber,01/02/2025 22:46,01/02/2025 22:52,2025-02-01 N,6.28.1,102,4.836938391,0.02097,0.324,0.095880133,165,1,None,None,None,1,None,0,Success
RigNumber,01/02/2025 22:54,01/02/2025 23:01,2025-02-01 N,6.28.1,103,5.13432459,0.024017,0.312,0.019235384,165,1,None,None,None,1,None,0,Success
RigNumber,01/02/2025 23:03,01/02/2025 23:13,2025-02-01 N,6.28.1,104,5.141381429,0.015386,0.318,0.006324555,165,1,None,None,None,1,None,0,Success
RigNumber,01/02/2025 23:16,01/02/2025 23:22,2025-02-01 N,6.28.1,105,5.2079471,0.024318,0.367,0.016552945,165,1,None,None,None,1,None,0,Success
RigNumber,01/02/2025 23:27,01/02/2025 23:34,2025-02-01 N,6.28.1,106,4.836706007,0.018544,0.355,0.06835203,165,1,None,None,None,1,None,0,Success
RigNumber,01/02/2025 23:36,01/02/2025 23:56,2025-02-01 N,6.28.1,107,4.81247587,0.017603,0.349,0.020024984,165,1,None,None,None,1,None,0,Success
RigNumber,01/02/2025 23:58,02/02/2025 00:04,2025-02-01 N,6.28.1,108,4.858735329,0.024198,0.34,0.012999999,165,1,None,None,None,1,None,0,Success
RigNumber,02/02/2025 00:07,02/02/2025 00:14,2025-02-01 N,6.28.1,109,4.928886487,0.01886,0.314,0.048301138,165,1,None,None,None,1,None,0,Success
RigNumber,02/02/2025 00:17,02/02/2025 00:23,2025-02-01 N,6.28.1,110,5.088014347,0.022483,0.34,0.051894122,165,1,None,None,None,1,None,0,Success
RigNumber,02/02/2025 00:26,02/02/2025 00:33,2025-02-01 N,6.28.1,111,5.350879554,0.019951,0.409,0.030413813,165,1,None,None,None,1,None,0,Success
RigNumber,02/02/2025 01:33,02/02/2025 01:45,2025-02-01 N,6.28.1,112,5.271221965,0.024341,0.337,0.067601775,165,1,None,None,None,1,None,0,Success
RigNumber,02/02/2025 01:56,02/02/2025 02:03,2025-02-01 N,6.28.1,113,5.591882867,0.020319,0.327,0.067186309,165,1,None,None,None,1,None,0,Success
RigNumber,02/02/2025 02:06,02/02/2025 02:13,2025-02-01 N,6.28.1,114,5.464748485,0.018686,0.317,0.022803509,165,1,None,None,None,1,None,0,Success
RigNumber,02/02/2025 02:23,02/02/2025 02:30,2025-02-01 N,6.28.1,115,5.373974879,0.018831,0.413,0.022561028,165,1,None,None,None,1,None,0,Success
RigNumber,02/02/2025 02:32,02/02/2025 02:39,2025-02-01 N,6.28.1,116,5.327751683,0.019328,0.311,0.071344236,165,1,None,None,None,1,None,0,Success
RigNumber,02/02/2025 02:42,02/02/2025 02:48,2025-02-01 N,6.28.1,117,5.305042413,0.022071,0.392,0.028017851,165,1,None,None,None,1,None,0,Success
RigNumber,02/02/2025 02:51,02/02/2025 02:58,2025-02-01 N,6.28.1,118,5.317151305,0.019586,0.346,0.01077033,165,1,None,None,None,1,None,0,Success
RigNumber,02/02/2025 03:00,02/02/2025 03:07,2025-02-01 N,6.28.1,119,5.410970431,0.020457,0.34,0.030083218,165,1,None,None,None,1,None,0,Success
RigNumber,02/02/2025 03:10,02/02/2025 03:16,2025-02-01 N,6.28.1,120,5.354995425,0.020369,0.335,0.034828149,165,1,None,None,None,1,None,0,Success
RigNumber,02/02/2025 03:20,02/02/2025 03:27,2025-02-01 N,6.28.1,121,5.40360426,0.02323,0.313,0.103247276,165,1,None,None,None,1,None,0,Success
RigNumber,02/02/2025 03:29,02/02/2025 03:36,2025-02-01 N,6.28.1,122,5.276461409,0.019554,0.325,0.043046487,165,1,None,None,None,1,None,0,Success
RigNumber,02/02/2025 03:39,02/02/2025 03:45,2025-02-01 N,6.28.1,123,5.150523469,0.020944,0.332,0.021213203,165,1,None,None,None,1,None,0,Success
RigNumber,02/02/2025 03:48,02/02/2025 04:00,2025-02-01 N,6.28.1,124,5.063730739,0.021548,0.339,0.03312099,165,1,None,None,None,1,None,0,Success
RigNumber,02/02/2025 04:02,02/02/2025 04:09,2025-02-01 N,6.28.1,125,5.158907636,0.021238,0.328,0.037947332,165,1,None,None,None,1,None,0,Success
RigNumber,02/02/2025 04:11,02/02/2025 04:18,2025-02-01 N,6.28.1,126,5.20493852,0.020262,0.318,0.070292247,165,1,None,None,None,1,None,0,Success
RigNumber,02/02/2025 04:23,02/02/2025 04:38,2025-02-01 N,6.28.1,127,5.32483211,0.019336,0.342,0.07824321,165,1,None,None,None,1,None,0,Success
RigNumber,02/02/2025 04:43,02/02/2025 04:49,2025-02-01 N,6.28.1,128,5.414923176,0.021086,0.34,0.071505244,165,1,None,None,None,1,None,0,Success
RigNumber,02/02/2025 04:52,02/02/2025 04:59,2025-02-01 N,6.28.1,129,5.2165433,0.018665,0.319,0.040024992,165,1,None,None,None,1,None,0,Success
RigNumber,02/02/2025 05:04,02/02/2025 05:10,2025-02-01 N,6.28.1,130,5.14011031,0.022172,0.378,0.031890438,165,1,None,None,None,1,None,0,Success
RigNumber,02/02/2025 05:13,02/02/2025 05:19,2025-02-01 N,6.28.1,131,5.101054989,0.021963,0.346,0.044283179,165,1,None,None,None,1,None,0,Success
RigNumber,02/02/2025 05:22,02/02/2025 05:28,2025-02-01 N,6.28.1,132,5.144808063,0.022088,0.333,0.032756679,165,1,None,None,None,1,None,0,Success
RigNumber,02/02/2025 05:30,02/02/2025 05:36,2025-02-01 N,6.28.1,133,5.231359097,0.035058,0.32,0.043011627,165,1,None,None,None,1,None,0,Success
RigNumber,02/02/2025 05:41,02/02/2025 05:47,2025-02-01 N,6.28.1,134,5.361986292,0.02241,0.352,0.016031219,165,1,None,None,None,1,None,0,Success
RigNumber,02/02/2025 05:53,02/02/2025 05:59,2025-02-01 N,6.28.1,135,5.411115412,0.025779,0.346,0.062369865,165,1,None,None,None,1,None,0,Success
RigNumber,02/02/2025 06:02,02/02/2025 06:09,2025-02-02 D,6.28.1,136,5.216660426,0.018193,0.307,0.03138471,165,1,None,None,None,1,None,0,Success
RigNumber,02/02/2025 06:12,02/02/2025 06:18,2025-02-02 D,6.28.1,137,5.125936988,0.020669,0.341,0.056824291,165,1,None,None,None,1,None,0,Success
RigNumber,02/02/2025 06:23,02/02/2025 06:29,2025-02-02 D,6.28.1,138,5.053026222,0.020945,0.314,0.043829214,165,1,None,None,None,1,None,0,Success
RigNumber,02/02/2025 06:32,02/02/2025 06:38,2025-02-02 D,6.28.1,139,5.046066785,0.022282,0.33,0.039560081,165,1,None,None,None,1,None,0,Success
RigNumber,02/02/2025 06:40,02/02/2025 06:55,2025-02-02 D,6.28.1,140,5.146477339,0.023101,0.327,0.040162171,165,1,None,None,None,1,None,0,Success
RigNumber,02/02/2025 06:59,02/02/2025 07:05,2025-02-02 D,6.28.1,141,5.179852314,0.026589,0.388,0.062289646,165,1,None,None,None,1,None,0,Success
RigNumber,02/02/2025 07:12,02/02/2025 07:18,2025-02-02 D,6.28.1,142,5.270207396,0.02113,0.331,0.074431176,165,1,None,None,None,1,None,0,Success
RigNumber,02/02/2025 07:45,02/02/2025 07:51,2025-02-02 D,6.28.1,143,5.154748878,0.021479,0.361,0.048166379,165,1,None,None,None,1,None,0,Success
RigNumber,02/02/2025 07:54,02/02/2025 08:00,2025-02-02 D,6.28.1,144,5.057760868,0.019258,0.328,0.038078866,165,1,None,None,None,1,None,0,Success
RigNumber,02/02/2025 08:04,02/02/2025 08:10,2025-02-02 D,6.28.1,145,5.049906732,0.022373,0.316,0.02,165,1,None,None,None,1,None,0,Success
RigNumber,02/02/2025 08:13,02/02/2025 08:19,2025-02-02 D,6.28.1,146,5.098703463,0.022855,0.322,0.016124515,165,1,None,None,None,1,None,0,Success
RigNumber,02/02/2025 10:10,02/02/2025 10:31,2025-02-02 D,6.28.1,147,5.17908293,0.020376,0.324,0.038600518,165,1,None,None,None,1,None,0,Success
RigNumber,02/02/2025 10:34,02/02/2025 10:41,2025-02-02 D,6.28.1,148,5.23793528,0.022092,0.332,0.06706713,165,1,None,None,None,1,None,0,Success
RigNumber,02/02/2025 10:45,02/02/2025 10:52,2025-02-02 D,6.28.1,149,5.328698622,0.019104,0.336,0.085146931,165,1,None,None,None,1,None,0,Success
RigNumber,02/02/2025 11:16,02/02/2025 11:23,2025-02-02 D,6.28.1,150,5.168996905,0.018361,0.333,0.038639358,165,1,None,None,None,1,None,0,Success
RigNumber,02/02/2025 11:25,02/02/2025 11:32,2025-02-02 D,6.28.1,151,5.014695604,0.01931,0.337,0.037121422,165,1,None,None,None,1,None,0,Success
RigNumber,02/02/2025 11:35,02/02/2025 11:41,2025-02-02 D,6.28.1,152,5.043590289,0.019769,0.314,0.022803509,165,1,None,None,None,1,None,0,Success
RigNumber,02/02/2025 11:44,02/02/2025 12:16,2025-02-02 D,6.28.1,153,5.060256318,0.018317,0.351,0.008544004,165,1,None,None,None,1,None,0,Success
RigNumber,02/02/2025 12:18,02/02/2025 12:24,2025-02-02 D,6.28.1,154,5.080723275,0.021185,0.321,0.037013511,165,1,None,None,None,1,None,0,Success
RigNumber,02/02/2025 12:27,02/02/2025 12:33,2025-02-02 D,6.28.1,155,5.142910071,0.022702,0.328,0.036619667,165,1,None,None,None,1,None,0,Success
RigNumber,02/02/2025 12:46,02/02/2025 12:51,2025-02-02 D,6.28.1,156,4.012694855,0.024756,0.347,0.049648766,165,1,None,None,None,1,None,1,Success
RigNumber,02/02/2025 12:56,02/02/2025 13:01,2025-02-02 D,6.28.1,157,3.961636657,0.032114,0.329,0.043081319,165,1,None,None,None,1,None,1,Success
RigNumber,02/02/2025 13:05,02/02/2025 13:10,2025-02-02 D,6.28.1,158,4.028401544,0.024651,0.35,0.026476405,165,1,None,None,None,1,None,1,Success
RigNumber,02/02/2025 13:23,02/02/2025 13:28,2025-02-02 D,6.28.1,159,4.049231285,0.02503,0.338,0.002828427,165,1,None,None,None,1,None,0,Success
RigNumber,02/02/2025 13:41,02/02/2025 13:46,2025-02-02 D,6.28.1,160,4.17206975,0.022111,0.312,0.069856997,165,1,None,None,None,1,None,0,Success
RigNumber,02/02/2025 16:11,02/02/2025 18:26,2025-02-02 D,6.28.1,161,11.72177636,0,-10000,-10000,165,1,None,None,None,0,None,1,Fail
RigNumber,02/02/2025 18:44,02/02/2025 19:08,2025-02-02 N,6.28.1,162,13.26486344,0.034331,0.864,0.017,203,1,None,None,None,1,None,1,Success
RigNumber,02/02/2025 19:24,02/02/2025 19:41,2025-02-02 N,6.28.1,163,13.13321335,0,0.863,0.045,203,1,None,None,None,1,None,1,Success
RigNumber,02/02/2025 19:49,02/02/2025 20:03,2025-02-02 N,6.28.1,164,13.10653844,0.037768,0.833,0.009055385,203,1,None,None,None,1,None,1,Success
RigNumber,02/02/2025 20:08,02/02/2025 20:41,2025-02-02 N,6.28.1,165,13.25365783,0.040243,0.877,0.069856996,203,1,None,None,None,1,None,0,Success
RigNumber,02/02/2025 20:47,02/02/2025 21:36,2025-02-02 N,6.28.1,166,13.08283773,0.039051,0.818,0.060008332,203,1,None,None,None,1,None,1,Success
RigNumber,02/02/2025 21:41,02/02/2025 22:02,2025-02-02 N,6.28.1,167,13.0018904,0.041976,0.825,0.021377558,203,1,None,None,None,1,None,0,Success
RigNumber,02/02/2025 22:06,02/02/2025 22:22,2025-02-02 N,6.28.1,168,13.0268794,0.041043,0.851,0.01640122,203,1,None,None,None,1,None,1,Success
RigNumber,02/02/2025 22:29,02/02/2025 22:44,2025-02-02 N,6.28.1,169,13.157905,0.038309,0.817,0.034132096,203,1,None,None,None,1,None,0,Success
RigNumber,02/02/2025 22:48,02/02/2025 23:09,2025-02-02 N,6.28.1,170,13.15709003,0.03898,0.814,0.015132746,203,1,None,None,None,1,None,0,Success
RigNumber,02/02/2025 23:24,02/02/2025 23:53,2025-02-02 N,6.28.1,171,12.97160719,0.040288,0.769,0.029966648,203,0,None,None,None,1,None,1,Fail
RigNumber,02/02/2025 23:57,03/02/2025 00:18,2025-02-02 N,6.28.1,172,13.1712819,0.044432,0.895,0.014422204,203,1,None,None,None,1,None,1,Success
RigNumber,03/02/2025 00:27,03/02/2025 01:07,2025-02-02 N,6.28.1,173,13.34191924,0.037952,0.912,0.018601076,203,1,None,None,None,1,None,1,Success
RigNumber,03/02/2025 02:42,03/02/2025 03:18,2025-02-02 N,6.28.1,174,13.28914881,0.041992,0.873,1.669215684,203,1,None,None,None,1,None,0,Success
RigNumber,03/02/2025 03:23,03/02/2025 03:46,2025-02-02 N,6.28.1,175,13.25472942,0.040461,0.932,0.036400549,203,1,None,None,None,1,None,0,Success
RigNumber,03/02/2025 03:50,03/02/2025 04:06,2025-02-02 N,6.28.1,176,13.18542392,0.03819,0.814,0.048600411,203,1,None,None,None,1,None,0,Success
RigNumber,03/02/2025 04:17,03/02/2025 04:31,2025-02-02 N,6.28.1,177,13.083678,0.038705,0.811,0.02596151,203,1,None,None,None,1,None,0,Success
RigNumber,03/02/2025 04:36,03/02/2025 04:50,2025-02-02 N,6.28.1,178,10.94415798,0,-1.39,0.057314919,203,1,None,None,None,0,None,1,Fail
RigNumber,03/02/2025 08:06,03/02/2025 08:21,2025-02-03 D,6.28.1,179,13.24273601,0.034503,0.81,0.072006945,203,1,None,None,None,1,None,1,Success
RigNumber,03/02/2025 08:26,03/02/2025 08:39,2025-02-03 D,6.28.1,180,13.31615091,0.037428,0.85,0.036878178,203,1,None,None,None,1,None,0,Success
RigNumber,03/02/2025 08:43,03/02/2025 09:09,2025-02-03 D,6.28.1,181,13.35521325,0.042096,0.877,0.051662365,203,1,None,None,None,1,None,0,Success
RigNumber,03/02/2025 09:23,03/02/2025 09:36,2025-02-03 D,6.28.1,182,7.901937168,0,-4.461,0.081688433,203,1,None,None,None,0,None,0,Fail
RigNumber,03/02/2025 10:45,03/02/2025 11:12,2025-02-03 D,6.28.1,183,14.90505193,0.080139,2.591,0.073600272,203,1,None,None,None,1,None,0,Success
RigNumber,03/02/2025 14:20,03/02/2025 14:23,2025-02-03 D,6.28.1,184,0.781184997,0,-11.561,0.054129474,203,1,None,None,None,0,None,0,Fail
RigNumber,03/02/2025 19:47,03/02/2025 19:59,2025-02-03 N,6.28.1,185,7.216354273,0,-4.307,7.033932898,203,1,None,None,None,0,None,0,Fail
RigNumber,03/02/2025 21:17,03/02/2025 21:51,2025-02-03 N,6.28.1,186,13.38690099,0.039436,0.83,0.039357337,203,1,None,None,None,1,None,1,Success
RigNumber,05/02/2025 07:50,05/02/2025 07:59,2025-02-05 D,6.28.1,187,5.801136527,0.019032,-10000,-10000,203,1,None,None,None,1,None,1,Success
RigNumber,05/02/2025 08:02,05/02/2025 08:09,2025-02-05 D,6.28.1,188,5.817770879,0.020661,0.8,0.030016662,203,1,None,None,None,1,None,1,Success
RigNumber,05/02/2025 08:12,05/02/2025 08:18,2025-02-05 D,6.28.1,189,5.830052315,0.022417,0.822,0.036400549,203,1,None,None,None,1,None,0,Success
RigNumber,05/02/2025 08:21,05/02/2025 08:26,2025-02-05 D,6.28.1,190,5.826886476,0.025633,0.817,0.008062258,203,1,None,None,None,1,None,0,Success
RigNumber,05/02/2025 08:29,05/02/2025 08:34,2025-02-05 D,6.28.1,191,5.871702053,0.026769,0.83,0.008544004,203,1,None,None,None,1,None,0,Success
RigNumber,05/02/2025 08:36,05/02/2025 08:45,2025-02-05 D,6.28.1,192,5.925420323,0.027061,0.84,0.014035669,203,1,None,None,None,1,None,0,Success
RigNumber,05/02/2025 08:48,05/02/2025 08:54,2025-02-05 D,6.28.1,193,5.914834064,0.025245,0.813,0.035171011,203,1,None,None,None,1,None,0,Success
RigNumber,05/02/2025 08:56,05/02/2025 09:02,2025-02-05 D,6.28.1,194,5.904472203,0.02604,0.822,0.024020824,203,1,None,None,None,1,None,1,Success
RigNumber,05/02/2025 09:04,05/02/2025 09:17,2025-02-05 D,6.28.1,195,5.845642993,0.013919,0.828,0.008246212,203,1,None,None,None,1,None,1,Success
RigNumber,05/02/2025 09:20,05/02/2025 09:25,2025-02-05 D,6.28.1,196,5.863007078,0.028019,0.85,0.018788294,203,1,None,None,None,1,None,1,Success
RigNumber,05/02/2025 09:28,05/02/2025 09:33,2025-02-05 D,6.28.1,197,5.920940804,0.027252,0.836,0.034785054,203,1,None,None,None,1,None,1,Success
RigNumber,05/02/2025 09:36,05/02/2025 09:41,2025-02-05 D,6.28.1,198,5.910815511,0.025208,0.85,0.069,203,1,None,None,None,1,None,1,Success
RigNumber,05/02/2025 09:44,05/02/2025 09:50,2025-02-05 D,6.28.1,199,5.932699217,0.023773,0.83,0.02184033,203,1,None,None,None,1,None,1,Success
RigNumber,05/02/2025 09:52,05/02/2025 09:58,2025-02-05 D,6.28.1,200,6.024023074,0.024302,0.823,0.047927028,203,1,None,None,None,1,None,1,Success
RigNumber,05/02/2025 10:01,05/02/2025 10:07,2025-02-05 D,6.28.1,201,6.088983659,0.024176,0.832,0.028160256,203,1,None,None,None,1,None,1,Success
RigNumber,05/02/2025 10:09,05/02/2025 10:16,2025-02-05 D,6.28.1,202,6.111829922,0.021902,0.829,0.035510562,203,1,None,None,None,1,None,1,Success
RigNumber,05/02/2025 10:18,05/02/2025 10:25,2025-02-05 D,6.28.1,203,6.049372943,0.020801,0.817,0.038052596,203,1,None,None,None,1,None,1,Success
RigNumber,05/02/2025 10:27,05/02/2025 10:42,2025-02-05 D,6.28.1,204,6.062933366,0.023735,0.812,0.046529561,203,1,None,None,None,1,None,1,Success
RigNumber,05/02/2025 10:44,05/02/2025 10:50,2025-02-05 D,6.28.1,205,5.937016086,0.022643,0.846,0.023086793,203,1,None,None,None,1,None,1,Success
RigNumber,05/02/2025 10:53,05/02/2025 11:00,2025-02-05 D,6.28.1,206,5.937806582,0.020546,0.811,0.070092796,203,1,None,None,None,1,None,1,Success
RigNumber,05/02/2025 11:02,05/02/2025 11:09,2025-02-05 D,6.28.1,207,5.941885728,0.020271,0.814,0.028635642,203,1,None,None,None,1,None,1,Success
RigNumber,05/02/2025 11:12,05/02/2025 11:18,2025-02-05 D,6.28.1,208,5.946280014,0.021606,0.822,0.042011903,203,1,None,None,None,1,None,1,Success
RigNumber,05/02/2025 11:20,05/02/2025 11:27,2025-02-05 D,6.28.1,209,5.91538249,0.021652,0.828,0.056035703,203,1,None,None,None,1,None,1,Success
RigNumber,05/02/2025 12:17,05/02/2025 12:24,2025-02-05 D,6.28.1,210,5.746127914,0.01865,0.788,0.086371292,203,1,None,None,None,1,None,1,Success
RigNumber,05/02/2025 12:26,05/02/2025 12:32,2025-02-05 D,6.28.1,211,5.818701573,0.021794,0.851,0.030413812,203,1,None,None,None,1,None,0,Success
RigNumber,05/02/2025 12:35,05/02/2025 12:41,2025-02-05 D,6.28.1,212,5.784423913,0.023075,0.808,0.026870057,203,1,None,None,None,1,None,0,Success
RigNumber,05/02/2025 12:44,05/02/2025 12:49,2025-02-05 D,6.28.1,213,5.813598025,0.027083,0.842,0.022472205,203,1,None,None,None,1,None,0,Success
RigNumber,05/02/2025 12:51,05/02/2025 12:57,2025-02-05 D,6.28.1,214,5.885073491,0.023181,0.836,0.013,203,1,None,None,None,1,None,0,Success
RigNumber,05/02/2025 13:00,05/02/2025 13:05,2025-02-05 D,6.28.1,215,5.908813502,0.024448,0.833,0.063007936,203,1,None,None,None,1,None,0,Success
RigNumber,05/02/2025 13:08,05/02/2025 13:13,2025-02-05 D,6.28.1,216,5.881736648,0.026127,0.836,0.012165525,203,1,None,None,None,1,None,0,Success
RigNumber,05/02/2025 13:16,05/02/2025 13:21,2025-02-05 D,6.28.1,217,5.842805576,0.027023,0.855,0.03959798,203,1,None,None,None,1,None,0,Success
RigNumber,05/02/2025 13:32,05/02/2025 13:37,2025-02-05 D,6.28.1,218,5.854857129,0.023926,0.879,0.016552945,203,1,None,None,None,1,None,0,Success
RigNumber,05/02/2025 13:40,05/02/2025 13:45,2025-02-05 D,6.28.1,219,5.799609728,0.027148,0.843,0.030149627,203,1,None,None,None,1,None,0,Success
RigNumber,05/02/2025 13:47,05/02/2025 13:53,2025-02-05 D,6.28.1,220,5.848130385,0.026492,0.839,0.048259714,203,1,None,None,None,1,None,0,Success
RigNumber,05/02/2025 13:55,05/02/2025 14:01,2025-02-05 D,6.28.1,221,5.925953847,0.025171,0.813,0.036138622,203,1,None,None,None,1,None,0,Success
RigNumber,05/02/2025 14:03,05/02/2025 14:10,2025-02-05 D,6.28.1,222,5.998305594,0.021142,0.806,0.055081758,203,1,None,None,None,1,None,0,Success
RigNumber,05/02/2025 14:13,05/02/2025 14:20,2025-02-05 D,6.28.1,223,6.031859663,0.020347,0.824,0.048373547,203,1,None,None,None,1,None,0,Success
RigNumber,05/02/2025 14:22,05/02/2025 14:29,2025-02-05 D,6.28.1,224,5.996855176,0.020098,0.858,0.01118034,203,1,None,None,None,1,None,0,Success
RigNumber,05/02/2025 14:32,05/02/2025 14:38,2025-02-05 D,6.28.1,225,6.04500794,0.021036,0.84,0.054083269,203,1,None,None,None,1,None,0,Success
RigNumber,05/02/2025 14:41,05/02/2025 14:47,2025-02-05 D,6.28.1,226,5.995155711,0.021857,0.837,0.058694123,203,1,None,None,None,1,None,0,Success
RigNumber,05/02/2025 14:49,05/02/2025 14:55,2025-02-05 D,6.28.1,227,5.954788073,0.022026,0.804,0.048414874,203,1,None,None,None,1,None,0,Success
RigNumber,05/02/2025 14:58,05/02/2025 15:04,2025-02-05 D,6.28.1,228,5.955668057,0.021996,0.805,0.049739321,203,1,None,None,None,1,None,0,Success
RigNumber,05/02/2025 15:07,05/02/2025 15:13,2025-02-05 D,6.28.1,229,6.00986697,0.022366,0.85,0.036345564,203,1,None,None,None,1,None,0,Success
RigNumber,05/02/2025 15:15,05/02/2025 15:21,2025-02-05 D,6.28.1,230,5.92786184,0.021856,0.841,0.042520583,203,1,None,None,None,1,None,0,Success
RigNumber,05/02/2025 15:24,05/02/2025 15:30,2025-02-05 D,6.28.1,231,5.904830311,0.021664,0.803,0.041785165,203,1,None,None,None,1,None,0,Success
RigNumber,05/02/2025 15:33,05/02/2025 15:39,2025-02-05 D,6.28.1,232,5.921891083,0.022367,0.835,0.057428216,203,1,None,None,None,1,None,0,Success
RigNumber,05/02/2025 15:46,05/02/2025 15:53,2025-02-05 D,6.28.1,233,5.831724531,0.018781,0.82,0.100448992,203,1,None,None,None,1,None,1,Success
RigNumber,05/02/2025 15:56,05/02/2025 16:03,2025-02-05 D,6.28.1,234,5.796680861,0.017701,0.854,0.031400637,203,1,None,None,None,1,None,1,Success
RigNumber,05/02/2025 16:05,05/02/2025 16:10,2025-02-05 D,6.28.1,235,5.735754092,0.028516,0.831,0.015811389,203,1,None,None,None,1,None,0,Success
RigNumber,05/02/2025 16:13,05/02/2025 16:19,2025-02-05 D,6.28.1,236,5.800879675,0.021561,0.833,0.030479501,203,1,None,None,None,1,None,0,Success
RigNumber,05/02/2025 16:22,05/02/2025 16:47,2025-02-05 D,6.28.1,237,5.831356703,0.024905,0.862,0.044181444,203,1,None,None,None,1,None,0,Success
RigNumber,05/02/2025 16:49,05/02/2025 16:56,2025-02-05 D,6.28.1,238,5.924991224,0.020033,0.838,0.033734255,203,1,None,None,None,1,None,0,Success
RigNumber,05/02/2025 17:07,05/02/2025 17:12,2025-02-05 D,6.28.1,239,5.896613011,0.023642,0.932,0.078721026,203,1,None,None,None,1,None,0,Success
RigNumber,05/02/2025 17:15,05/02/2025 17:20,2025-02-05 D,6.28.1,240,5.813903422,0.024413,0.799,0.054129474,203,1,None,None,None,1,None,0,Success
RigNumber,05/02/2025 17:30,05/02/2025 17:36,2025-02-05 D,6.28.1,241,5.783656542,0.023603,0.808,0.059439044,203,1,None,None,None,1,None,0,Success
RigNumber,05/02/2025 17:39,05/02/2025 17:44,2025-02-05 D,6.28.1,242,5.858831966,0.023394,0.839,0.048662101,203,1,None,None,None,1,None,0,Success
RigNumber,05/02/2025 17:47,05/02/2025 17:53,2025-02-05 D,6.28.1,243,5.888816265,0.024074,0.83,0.014035669,203,1,None,None,None,1,None,0,Success
RigNumber,05/02/2025 17:55,05/02/2025 18:05,2025-02-05 D,6.28.1,244,5.93473285,0.014101,0.826,0.025238859,203,1,None,None,None,1,None,0,Success
RigNumber,05/02/2025 18:08,05/02/2025 18:14,2025-02-05 N,6.28.1,245,5.97063397,0.022763,0.831,0.032388269,203,1,None,None,None,1,None,0,Success
RigNumber,05/02/2025 18:16,05/02/2025 18:22,2025-02-05 N,6.28.1,246,5.617866588,0.023343,0.426,0.042154478,203,1,None,None,None,1,None,0,Success
RigNumber,05/02/2025 18:25,05/02/2025 18:30,2025-02-05 N,6.28.1,247,5.538953782,0.022678,0.336,0.050289164,203,1,None,None,None,1,None,0,Success
RigNumber,05/02/2025 18:39,05/02/2025 18:44,2025-02-05 N,6.28.1,248,5.494943858,0.021637,0.339,0.049244289,203,1,None,None,None,1,None,0,Success
RigNumber,05/02/2025 18:47,05/02/2025 18:53,2025-02-05 N,6.28.1,249,5.501997274,0.023255,0.306,0.015264337,203,1,None,None,None,1,None,0,Success
RigNumber,05/02/2025 18:55,05/02/2025 19:01,2025-02-05 N,6.28.1,250,5.430934082,0.02195,0.322,0.042953463,203,1,None,None,None,1,None,0,Success
RigNumber,05/02/2025 19:15,05/02/2025 19:21,2025-02-05 N,6.28.1,251,5.419693995,0.022395,0.337,0.003,203,1,None,None,None,1,None,0,Success
RigNumber,05/02/2025 19:24,05/02/2025 19:30,2025-02-05 N,6.28.1,252,5.365614783,0.019755,0.296,0.005,203,1,None,None,None,1,None,0,Success
RigNumber,05/02/2025 19:33,05/02/2025 19:38,2025-02-05 N,6.28.1,253,5.392656581,0.021788,0.353,0.029274562,203,1,None,None,None,1,None,0,Success
RigNumber,05/02/2025 19:41,05/02/2025 19:46,2025-02-05 N,6.28.1,254,5.411965817,0.026587,0.336,0.052201533,203,1,None,None,None,1,None,0,Success
RigNumber,05/02/2025 20:02,05/02/2025 20:08,2025-02-05 N,6.28.1,255,5.359658665,0.02082,0.34,0.03104835,203,1,None,None,None,1,None,0,Success
RigNumber,05/02/2025 20:15,05/02/2025 20:22,2025-02-05 N,6.28.1,256,5.376525737,0.019222,0.346,0.02118962,203,1,None,None,None,1,None,1,Success
RigNumber,05/02/2025 20:24,05/02/2025 20:31,2025-02-05 N,6.28.1,257,5.348003459,0.018396,0.347,0.019104973,203,1,None,None,None,1,None,0,Success
RigNumber,05/02/2025 20:40,05/02/2025 20:47,2025-02-05 N,6.28.1,258,5.340693307,0.017802,0.337,0.015811389,203,1,None,None,None,1,None,0,Success
RigNumber,05/02/2025 20:50,05/02/2025 20:56,2025-02-05 N,6.28.1,259,5.3956918,0.019659,0.376,0.015620499,203,1,None,None,None,1,None,0,Success
RigNumber,05/02/2025 20:58,05/02/2025 21:05,2025-02-05 N,6.28.1,260,5.399933518,0.01901,0.336,0.033837849,203,1,None,None,None,1,None,0,Success
RigNumber,05/02/2025 21:07,05/02/2025 21:13,2025-02-05 N,6.28.1,261,5.353374543,0.021466,0.334,0.026683328,203,1,None,None,None,1,None,0,Success
RigNumber,05/02/2025 21:15,05/02/2025 21:21,2025-02-05 N,6.28.1,262,5.366706066,0.022936,0.332,0.010770329,203,1,None,None,None,1,None,0,Success
RigNumber,05/02/2025 21:23,05/02/2025 21:29,2025-02-05 N,6.28.1,263,5.355772027,0.022975,0.332,0.030870698,203,1,None,None,None,1,None,0,Success
RigNumber,05/02/2025 21:31,05/02/2025 21:36,2025-02-05 N,6.28.1,264,5.374654314,0.025568,0.33,0.034058772,203,1,None,None,None,1,None,0,Success
RigNumber,05/02/2025 21:39,05/02/2025 21:44,2025-02-05 N,6.28.1,265,5.428908638,0.024731,0.32,0.047169906,203,1,None,None,None,1,None,0,Success
RigNumber,05/02/2025 21:47,05/02/2025 21:52,2025-02-05 N,6.28.1,266,5.48562877,0.02593,0.318,0.012083046,203,1,None,None,None,1,None,0,Success
RigNumber,05/02/2025 21:55,05/02/2025 22:00,2025-02-05 N,6.28.1,267,5.530852828,0.023219,0.369,0.020248456,203,1,None,None,None,1,None,0,Success
RigNumber,05/02/2025 22:03,05/02/2025 22:14,2025-02-05 N,6.28.1,268,5.517784157,0.012714,0.333,0.031144823,203,1,None,None,None,1,None,0,Success
RigNumber,05/02/2025 22:16,05/02/2025 22:21,2025-02-05 N,6.28.1,269,5.523783033,0.025773,0.364,0.037202151,203,1,None,None,None,1,None,0,Success
RigNumber,05/02/2025 22:24,05/02/2025 22:30,2025-02-05 N,6.28.1,270,5.471946454,0.022786,0.335,0.026076809,203,1,None,None,None,1,None,0,Success
RigNumber,05/02/2025 22:32,05/02/2025 22:37,2025-02-05 N,6.28.1,271,5.444812302,0.024976,0.342,0.021260291,203,1,None,None,None,1,None,0,Success
RigNumber,05/02/2025 22:40,05/02/2025 22:45,2025-02-05 N,6.28.1,272,5.44280571,0.023445,0.334,0.058830264,203,1,None,None,None,1,None,0,Success
RigNumber,05/02/2025 22:47,05/02/2025 22:53,2025-02-05 N,6.28.1,273,5.451932685,0.021602,0.354,0.058309519,203,1,None,None,None,1,None,0,Success
RigNumber,05/02/2025 23:37,05/02/2025 23:41,2025-02-05 N,6.28.1,274,5.327303445,0.022964,0.642,0.257157539,203,1,None,None,None,1,None,0,Success
RigNumber,05/02/2025 23:44,05/02/2025 23:49,2025-02-05 N,6.28.1,275,5.265823962,0.022286,0.332,0.033600595,203,1,None,None,None,1,None,0,Success
RigNumber,05/02/2025 23:52,05/02/2025 23:57,2025-02-05 N,6.28.1,276,5.344399031,0.022058,0.308,0.044102154,203,1,None,None,None,1,None,0,Success
RigNumber,06/02/2025 00:00,06/02/2025 00:05,2025-02-05 N,6.28.1,277,5.288450246,0.02376,0.326,0.042,203,1,None,None,None,1,None,0,Success
RigNumber,06/02/2025 00:12,06/02/2025 00:18,2025-02-05 N,6.28.1,278,5.360066511,0.017493,0.34,0.065802736,203,1,None,None,None,1,None,1,Success
RigNumber,06/02/2025 00:21,06/02/2025 00:28,2025-02-05 N,6.28.1,279,5.376599762,0.016585,0.336,0.001,203,1,None,None,None,1,None,1,Success
RigNumber,06/02/2025 00:30,06/02/2025 00:36,2025-02-05 N,6.28.1,280,5.324684592,0.017991,0.35,0.048600412,203,1,None,None,None,1,None,0,Success
RigNumber,06/02/2025 00:39,06/02/2025 00:45,2025-02-05 N,6.28.1,281,5.347819275,0.019047,0.32,0.013892444,203,1,None,None,None,1,None,0,Success
RigNumber,06/02/2025 00:47,06/02/2025 00:53,2025-02-05 N,6.28.1,282,5.341032297,0.018955,0.319,0.079056942,203,1,None,None,None,1,None,0,Success
RigNumber,06/02/2025 01:02,06/02/2025 01:07,2025-02-05 N,6.28.1,283,5.32259232,0.022307,0.363,0.038078866,203,1,None,None,None,1,None,0,Success
RigNumber,06/02/2025 01:10,06/02/2025 01:15,2025-02-05 N,6.28.1,284,5.337616135,0.021537,0.302,0.057008771,203,1,None,None,None,1,None,0,Success
RigNumber,06/02/2025 01:18,06/02/2025 01:23,2025-02-05 N,6.28.1,285,5.372509656,0.021916,0.325,0.034669872,203,1,None,None,None,1,None,0,Success
RigNumber,06/02/2025 01:26,06/02/2025 01:30,2025-02-05 N,6.28.1,286,5.398664742,0.027019,0.321,0.015811388,203,1,None,None,None,1,None,0,Success
RigNumber,06/02/2025 01:33,06/02/2025 01:38,2025-02-05 N,6.28.1,287,5.455664487,0.024269,0.329,0.022847319,203,1,None,None,None,1,None,0,Success
RigNumber,06/02/2025 01:40,06/02/2025 01:45,2025-02-05 N,6.28.1,288,5.558184416,0.025555,0.335,0.037107951,203,1,None,None,None,1,None,0,Success
RigNumber,06/02/2025 01:48,06/02/2025 01:53,2025-02-05 N,6.28.1,289,5.609877984,0.024769,0.336,0.041785165,203,1,None,None,None,1,None,0,Success
RigNumber,06/02/2025 01:55,06/02/2025 02:00,2025-02-05 N,6.28.1,290,5.600830028,0.023138,0.343,0.024698178,203,1,None,None,None,1,None,0,Success
RigNumber,06/02/2025 02:03,06/02/2025 02:08,2025-02-05 N,6.28.1,291,5.554182118,0.023803,0.333,0.058591808,203,1,None,None,None,1,None,0,Success
RigNumber,06/02/2025 02:11,06/02/2025 02:15,2025-02-05 N,6.28.1,292,5.517094616,0.024283,0.348,0.056035703,203,1,None,None,None,1,None,0,Success
RigNumber,06/02/2025 02:18,06/02/2025 02:24,2025-02-05 N,6.28.1,293,5.427687261,0.017865,0.298,0.043600459,203,1,None,None,None,1,None,0,Success
RigNumber,06/02/2025 02:27,06/02/2025 02:32,2025-02-05 N,6.28.1,294,5.461702116,0.024761,0.358,0.05186521,203,1,None,None,None,1,None,0,Success
RigNumber,06/02/2025 02:34,06/02/2025 02:39,2025-02-05 N,6.28.1,295,5.47285748,0.023754,0.322,0.038418746,203,1,None,None,None,1,None,0,Success
RigNumber,06/02/2025 02:42,06/02/2025 02:47,2025-02-05 N,6.28.1,296,5.435907008,0.023735,0.328,0.05186521,203,1,None,None,None,1,None,0,Success
RigNumber,06/02/2025 02:49,06/02/2025 02:54,2025-02-05 N,6.28.1,297,5.397829749,0.023269,0.318,0.00781025,203,1,None,None,None,1,None,0,Success
RigNumber,06/02/2025 02:57,06/02/2025 03:02,2025-02-05 N,6.28.1,298,5.347145033,0.024702,0.314,0.033615473,203,1,None,None,None,1,None,0,Success
RigNumber,06/02/2025 03:04,06/02/2025 03:10,2025-02-05 N,6.28.1,299,5.340245968,0.023807,0.333,0.041109609,203,1,None,None,None,1,None,0,Success
RigNumber,06/02/2025 03:17,06/02/2025 03:30,2025-02-05 N,6.28.1,300,5.502243361,0.025987,0.336,0.086162637,203,1,None,None,None,1,None,1,Success
RigNumber,06/02/2025 03:32,06/02/2025 03:39,2025-02-05 N,6.28.1,301,5.418535319,0.016426,0.314,0.034365681,203,1,None,None,None,1,None,0,Success
RigNumber,06/02/2025 03:42,06/02/2025 03:48,2025-02-05 N,6.28.1,302,5.379854552,0.018693,0.361,0.021095023,203,1,None,None,None,1,None,0,Success
RigNumber,06/02/2025 03:50,06/02/2025 03:56,2025-02-05 N,6.28.1,303,5.373914588,0.019275,0.327,0.036796739,203,1,None,None,None,1,None,0,Success
RigNumber,06/02/2025 03:59,06/02/2025 04:04,2025-02-05 N,6.28.1,304,5.450243481,0.021064,0.347,0.062169124,203,1,None,None,None,1,None,0,Success
RigNumber,06/02/2025 04:14,06/02/2025 04:20,2025-02-05 N,6.28.1,305,5.44191198,0.019853,0.342,0.01640122,203,1,None,None,None,1,None,0,Success
RigNumber,06/02/2025 04:23,06/02/2025 04:28,2025-02-05 N,6.28.1,306,5.482792081,0.024385,0.349,0.023769729,203,1,None,None,None,1,None,0,Success
RigNumber,06/02/2025 04:30,06/02/2025 04:35,2025-02-05 N,6.28.1,307,5.554967957,0.022967,0.328,0.050447993,203,1,None,None,None,1,None,0,Success
RigNumber,06/02/2025 04:38,06/02/2025 04:43,2025-02-05 N,6.28.1,308,5.571110302,0.022911,0.307,0.055317267,203,1,None,None,None,1,None,0,Success
RigNumber,06/02/2025 04:58,06/02/2025 05:03,2025-02-05 N,6.28.1,309,5.646037991,0.021707,0.365,0.005000001,203,1,None,None,None,1,None,0,Success
RigNumber,06/02/2025 05:06,06/02/2025 05:11,2025-02-05 N,6.28.1,310,5.625785456,0.024446,0.343,0.045453273,203,1,None,None,None,1,None,0,Success
RigNumber,06/02/2025 05:13,06/02/2025 05:18,2025-02-05 N,6.28.1,311,5.587567091,0.023936,0.327,0.041617304,203,1,None,None,None,1,None,0,Success
RigNumber,06/02/2025 05:21,06/02/2025 05:27,2025-02-05 N,6.28.1,312,5.543701742,0.020678,0.326,0.040496913,203,1,None,None,None,1,None,0,Success
RigNumber,06/02/2025 05:30,06/02/2025 05:35,2025-02-05 N,6.28.1,313,5.497884502,0.024178,0.311,0.058180753,203,1,None,None,None,1,None,0,Success
RigNumber,06/02/2025 05:37,06/02/2025 05:42,2025-02-05 N,6.28.1,314,5.476958462,0.022436,0.347,0.012806249,203,1,None,None,None,1,None,0,Success
RigNumber,06/02/2025 05:45,06/02/2025 05:50,2025-02-05 N,6.28.1,315,5.411766532,0.024683,0.347,0.045122057,203,1,None,None,None,1,None,0,Success
RigNumber,06/02/2025 05:52,06/02/2025 05:57,2025-02-05 N,6.28.1,316,5.346055555,0.02522,0.324,0.049193495,203,1,None,None,None,1,None,0,Success
RigNumber,06/02/2025 06:00,06/02/2025 06:04,2025-02-06 D,6.28.1,317,5.400836232,0.028092,0.361,0.033376639,203,1,None,None,None,1,None,0,Success
RigNumber,06/02/2025 06:46,06/02/2025 06:52,2025-02-06 D,6.28.1,318,5.382814691,0.022008,0.336,0.044407206,203,1,None,None,None,1,None,0,Success
RigNumber,06/02/2025 06:55,06/02/2025 07:00,2025-02-06 D,6.28.1,319,5.361677536,0.025018,0.331,0.008,203,1,None,None,None,1,None,0,Success
RigNumber,06/02/2025 07:02,06/02/2025 07:07,2025-02-06 D,6.28.1,320,5.288678568,0.024785,0.323,0.016492422,203,1,None,None,None,1,None,0,Success
RigNumber,06/02/2025 07:10,06/02/2025 07:14,2025-02-06 D,6.28.1,321,5.230803476,0.025997,0.362,0.034205263,203,1,None,None,None,1,None,0,Success
RigNumber,06/02/2025 07:17,06/02/2025 07:22,2025-02-06 D,6.28.1,322,5.165258561,0.024131,0.328,0.064202804,203,1,None,None,None,1,None,0,Success
RigNumber,06/02/2025 07:24,06/02/2025 07:29,2025-02-06 D,6.28.1,323,5.177649467,0.022874,0.337,0.024515301,203,1,None,None,None,1,None,0,Success
RigNumber,06/02/2025 07:50,06/02/2025 07:55,2025-02-06 D,6.28.1,324,5.170953974,0.022038,0.304,0.05186521,203,1,None,None,None,1,None,0,Success
RigNumber,06/02/2025 07:58,06/02/2025 08:03,2025-02-06 D,6.28.1,325,5.19108322,0.023058,0.356,0.041976184,203,1,None,None,None,1,None,0,Success
RigNumber,06/02/2025 08:05,06/02/2025 08:10,2025-02-06 D,6.28.1,326,5.150991846,0.024697,0.35,0.039560081,203,1,None,None,None,1,None,0,Success
RigNumber,06/02/2025 08:15,06/02/2025 08:19,2025-02-06 D,6.28.1,327,5.286182176,0.024108,0.346,0.051088159,203,1,None,None,None,1,None,0,Success
RigNumber,06/02/2025 08:22,06/02/2025 08:27,2025-02-06 D,6.28.1,328,5.260153705,0.022898,0.349,0.02284732,203,1,None,None,None,1,None,0,Success
RigNumber,06/02/2025 08:30,06/02/2025 08:34,2025-02-06 D,6.28.1,329,5.225732006,0.027487,0.323,0.010049876,203,1,None,None,None,1,None,0,Success
RigNumber,06/02/2025 08:36,06/02/2025 08:42,2025-02-06 D,6.28.1,330,5.209843952,0.021882,0.309,0.016278821,203,1,None,None,None,1,None,0,Success
RigNumber,06/02/2025 08:44,06/02/2025 08:49,2025-02-06 D,6.28.1,331,5.175932573,0.023066,0.346,0.008062258,203,1,None,None,None,1,None,0,Success
RigNumber,06/02/2025 08:52,06/02/2025 08:56,2025-02-06 D,6.28.1,332,5.136752476,0.023649,0.334,0.031622776,203,1,None,None,None,1,None,0,Success
RigNumber,06/02/2025 08:59,06/02/2025 09:08,2025-02-06 D,6.28.1,333,9.114110544,0.022956,0.319,0.033734255,203,1,None,None,None,1,None,0,Success
RigNumber,06/02/2025 09:12,06/02/2025 09:20,2025-02-06 D,6.28.1,334,9.160481974,0.026445,0.366,0.015297058,203,1,None,None,None,1,None,0,Success
RigNumber,06/02/2025 09:27,06/02/2025 09:32,2025-02-06 D,6.28.1,335,5.278032399,0.023315,0.347,0.070724819,203,1,None,None,None,1,None,0,Success
RigNumber,06/02/2025 09:35,06/02/2025 09:40,2025-02-06 D,6.28.1,336,5.259685732,0.023389,0.299,0.014764822,203,1,None,None,None,1,None,0,Success
RigNumber,06/02/2025 09:42,06/02/2025 09:50,2025-02-06 D,6.28.1,337,5.297881275,0.016303,0.346,0.052924474,203,1,None,None,None,1,None,0,Success
RigNumber,06/02/2025 09:53,06/02/2025 10:03,2025-02-06 D,6.28.1,338,5.244556797,0.019011,0.333,0.031906112,203,1,None,None,None,1,None,0,Success
RigNumber,06/02/2025 10:06,06/02/2025 10:11,2025-02-06 D,6.28.1,339,5.2460691,0.021283,0.337,0.026400758,203,1,None,None,None,1,None,0,Success
RigNumber,06/02/2025 10:23,06/02/2025 10:30,2025-02-06 D,6.28.1,340,5.607687759,0.015958,0.334,0.075802375,203,1,None,None,None,1,None,1,Success
RigNumber,06/02/2025 10:33,06/02/2025 10:39,2025-02-06 D,6.28.1,341,5.53966795,0.018926,0.371,0.025317978,203,1,None,None,None,1,None,1,Success
RigNumber,06/02/2025 10:41,06/02/2025 10:48,2025-02-06 D,6.28.1,342,5.438767967,0.016805,0.327,0.069354163,203,1,None,None,None,1,None,0,Success
RigNumber,06/02/2025 10:50,06/02/2025 10:57,2025-02-06 D,6.28.1,343,5.406097576,0.017818,0.315,0.038327535,203,1,None,None,None,1,None,0,Success
RigNumber,06/02/2025 10:59,06/02/2025 11:04,2025-02-06 D,6.28.1,344,5.435490594,0.021486,0.316,0.010816653,203,1,None,None,None,1,None,0,Success
RigNumber,06/02/2025 11:07,06/02/2025 11:13,2025-02-06 D,6.28.1,345,5.47246069,0.018753,0.313,0.021931712,203,1,None,None,None,1,None,0,Success
RigNumber,06/02/2025 11:16,06/02/2025 11:21,2025-02-06 D,6.28.1,346,5.615614837,0.0216,0.327,0.058215118,203,1,None,None,None,1,None,0,Success
RigNumber,06/02/2025 11:24,06/02/2025 11:39,2025-02-06 D,6.28.1,347,5.688419904,0.024314,0.326,0.013928389,203,1,None,None,None,1,None,0,Success
RigNumber,06/02/2025 11:42,06/02/2025 11:47,2025-02-06 D,6.28.1,348,5.729081078,0.021711,0.348,0.036124784,203,1,None,None,None,1,None,0,Success
RigNumber,06/02/2025 11:50,06/02/2025 11:55,2025-02-06 D,6.28.1,349,6.016335845,0.024556,0.351,0.009433981,203,1,None,None,None,1,None,0,Success