startHoleTime,endHoleTime,currentShift,software,holeID,avePenetrRate,avePercPressure,aveFeedPressure,aveDampPressure,aveRotPressure,aveFlushPressure
31/01/2025 23:55,01/02/2025 00:00,2025-01-31 N,6.28.1,1,1.914,13.865675675675675,39.45254054054054,0,38.83632432432432,13.865675675675675
01/02/2025 00:03,01/02/2025 00:08,2025-01-31 N,6.28.1,2,1.6433513513513514,15.30081081081081,39.931378378378376,0,39.29154054054054,15.30081081081081
01/02/2025 00:11,01/02/2025 00:16,2025-01-31 N,6.28.1,3,1.599578947368421,15.119605263157894,39.893605263157895,0,37.94565789473684,15.119605263157894
01/02/2025 00:19,01/02/2025 00:24,2025-01-31 N,6.28.1,4,1.8443783783783785,15.370135135135133,40.19610810810811,0,40.12127027027027,15.370135135135133
01/02/2025 00:39,01/02/2025 01:02,2025-01-31 N,6.28.1,5,1.5013157894736842,14.348684210526315,39.47323684210526,0,36.5395,14.348684210526315
01/02/2025 01:05,01/02/2025 01:10,2025-01-31 N,6.28.1,6,1.6106052631578949,15.189868421052632,40.23968421052631,0,38.60710526315789,15.189868421052632
01/02/2025 01:13,01/02/2025 01:19,2025-01-31 N,6.28.1,7,1.7599210526315787,13.891184210526315,39.868184210526316,0,40.04063157894737,13.891184210526315
01/02/2025 01:22,01/02/2025 01:31,2025-01-31 N,6.28.1,8,1.9007894736842106,15.406578947368422,39.575526315789475,0,41.052473684210526,15.406578947368422
01/02/2025 01:34,01/02/2025 01:41,2025-01-31 N,6.28.1,9,1.6715897435897438,15.387692307692308,40.278179487179486,0,39.32320512820513,15.387692307692308
01/02/2025 01:56,01/02/2025 02:00,2025-01-31 N,6.28.1,10,1.8852702702702702,15.118783783783783,39.52445945945946,0,37.036162162162164,15.118783783783783
01/02/2025 02:04,01/02/2025 02:11,2025-01-31 N,6.28.1,11,1.6132820512820512,14.865384615384615,40.90135897435898,0,39.761717948717944,14.865384615384615
01/02/2025 02:14,01/02/2025 02:19,2025-01-31 N,6.28.1,12,1.5465,15.34575,39.785225,0,38.98595,15.34575
01/02/2025 02:22,01/02/2025 02:28,2025-01-31 N,6.28.1,13,1.9372682926829268,15.455853658536585,39.808902439024386,0,38.367536585365855,15.455853658536585
01/02/2025 02:31,01/02/2025 02:36,2025-01-31 N,6.28.1,14,1.6678780487804876,15.246585365853658,39.92590243902439,0,38.99529268292683,15.246585365853658
01/02/2025 02:42,01/02/2025 02:54,2025-01-31 N,6.28.1,15,1.976047619047619,12.72,39.52128571428572,0,43.791404761904765,12.72
01/02/2025 03:02,01/02/2025 03:04,2025-01-31 N,6.28.1,16,1.9426428571428571,12.649285714285714,40.070571428571434,0,40.89664285714286,12.649285714285714
01/02/2025 03:05,01/02/2025 03:09,2025-01-31 N,6.28.1,17,1.6867777777777777,16.919999999999998,40.58274074074074,0,40.89685185185185,16.919999999999998
01/02/2025 03:11,01/02/2025 03:17,2025-01-31 N,6.28.1,18,1.4844390243902439,15.406463414634146,40.68160975609756,0,40.736975609756094,15.406463414634146
01/02/2025 03:27,01/02/2025 03:38,2025-01-31 N,6.28.1,19,1.581720930232558,14.707674418604652,38.419000000000004,0,41.55025581395349,14.707674418604652
01/02/2025 03:52,01/02/2025 04:00,2025-01-31 N,6.28.1,20,1.5641818181818181,15.178977272727273,42.531727272727274,0,41.14315909090909,15.178977272727273
01/02/2025 04:04,01/02/2025 04:09,2025-01-31 N,6.28.1,21,1.7836818181818181,15.007840909090909,39.64675,0,41.465636363636364,15.007840909090909
01/02/2025 04:14,01/02/2025 04:21,2025-01-31 N,6.28.1,22,1.2519791666666666,16.8121875,40.5066875,0,41.336687500000004,16.8121875
01/02/2025 04:24,01/02/2025 04:29,2025-01-31 N,6.28.1,23,1.6709782608695651,16.157608695652176,40.657673913043475,0,40.20804347826087,16.157608695652176
01/02/2025 04:32,01/02/2025 04:43,2025-01-31 N,6.28.1,24,1.2362765957446809,15.604787234042552,40.928659574468085,0,41.60061702,15.604787234042552
01/02/2025 04:47,01/02/2025 04:52,2025-01-31 N,6.28.1,25,1.9315714285714287,15.568775510204082,39.61540816326531,0,36.47920408163265,15.568775510204082
01/02/2025 04:55,01/02/2025 05:05,2025-01-31 N,6.28.1,26,2.029081632653061,15.445408163265308,40.58740816326531,0,42.55151020408163,15.445408163265308
01/02/2025 05:09,01/02/2025 05:14,2025-01-31 N,6.28.1,27,1.8158039215686272,16.594117647058823,41.23249019607843,0,38.51964705882353,16.594117647058823
01/02/2025 05:20,01/02/2025 05:48,2025-01-31 N,6.28.1,28,1.506170731707317,14.32939024390244,39.41439024390244,0,38.90551219512195,14.32939024390244
01/02/2025 06:00,01/02/2025 06:06,2025-02-01 D,6.28.1,29,1.5065416666666664,15.9553125,40.78997916666667,0,38.35,15.9553125
01/02/2025 06:19,01/02/2025 06:25,2025-02-01 D,6.28.1,30,1.3444583333333335,16.323125,40.783541666666665,0,39.39554166666667,16.323125
01/02/2025 06:28,01/02/2025 06:32,2025-02-01 D,6.28.1,31,4.391272727272727,12.379090909090907,38.25209090909091,0,40.22720454545455,12.379090909090907
01/02/2025 06:35,01/02/2025 06:41,2025-02-01 D,6.28.1,32,1.75856,16.8918,40.993339999999996,0,38.24166,16.8918
01/02/2025 06:46,01/02/2025 06:53,2025-02-01 D,6.28.1,33,1.18442,16.2546,41.11794,0,39.564499999999995,16.2546
01/02/2025 06:56,01/02/2025 07:02,2025-02-01 D,6.28.1,34,1.4231458333333336,16.5153125,41.150875,0,39.93441666666667,16.5153125
01/02/2025 07:05,01/02/2025 07:08,2025-02-01 D,6.28.1,35,1.2708125,13.8984375,40.71375,0,40.83875,13.8984375
01/02/2025 07:16,01/02/2025 07:16,2025-02-01 D,6.28.1,36,1.7100000000000002,14.027142857142858,38.67214285714285,0,40.21628571428572,14.027142857142858
01/02/2025 07:24,01/02/2025 07:27,2025-02-01 D,6.28.1,37,1.48716,15.101400000000002,39.21476,0,45.357600000000005,15.101400000000002
01/02/2025 07:30,01/02/2025 08:00,2025-02-01 D,6.28.1,38,1.4190851063829788,15.472659574468086,40.49465957446809,0,39.570851063829785,15.472659574468086
01/02/2025 08:04,01/02/2025 08:10,2025-02-01 D,6.28.1,39,1.833469387755102,15.973163265306122,40.91704081632653,0,40.210408163265306,15.973163265306122
01/02/2025 08:14,01/02/2025 08:30,2025-02-01 D,6.28.1,40,2.034448979591837,14.002653061224489,39.87226530612245,0,41.50146939,14.002653061224489
01/02/2025 08:37,01/02/2025 08:44,2025-02-01 D,6.28.1,41,1.0724901960784314,16.20294117647059,41.711960784313725,0,38.74801960784314,16.20294117647059
01/02/2025 08:47,01/02/2025 08:53,2025-02-01 D,6.28.1,42,1.49226,16.1958,41.3274,0,39.10236,16.1958
01/02/2025 09:07,01/02/2025 09:11,2025-02-01 D,6.28.1,43,1.5763235294117646,14.90470588235294,39.36185294117647,0,38.46317647058824,14.90470588235294
01/02/2025 09:16,01/02/2025 09:17,2025-02-01 D,6.28.1,44,1.623,17.663,43.159666666666666,0,40.85873333333333,17.663
01/02/2025 09:25,01/02/2025 09:31,2025-02-01 D,6.28.1,45,1.4303061224489795,16.286632653061222,41.403,0,38.03706122,16.286632653061222
01/02/2025 09:35,01/02/2025 09:40,2025-02-01 D,6.28.1,46,1.6894255319148936,15.770744680851065,41.25291489361702,0,38.59619149,15.770744680851065
01/02/2025 09:47,01/02/2025 09:54,2025-02-01 D,6.28.1,47,2.11028,16.476,41.095299999999995,0,39.90058,16.476
01/02/2025 10:15,01/02/2025 10:16,2025-02-01 D,6.28.1,48,1.5390000000000001,13.3305,40.6438,0,36.6145,13.3305
01/02/2025 18:23,01/02/2025 18:29,2025-02-01 N,6.28.1,49,1.3587179487179488,14.808461538461538,39.77946153846153,0,39.82038461538461,14.808461538461538
01/02/2025 18:34,01/02/2025 18:40,2025-02-01 N,6.28.1,50,1.2999166666666666,16.0240625,41.58483333333333,0,38.316291666666665,16.0240625
01/02/2025 18:50,01/02/2025 18:56,2025-02-01 N,6.28.1,51,1.4095625,16.232499999999998,41.14083333333333,0,35.069229166666666,16.232499999999998
01/02/2025 19:01,01/02/2025 19:06,2025-02-01 N,6.28.1,52,1.8046530612244898,16.615102040816325,40.86228571428571,0,36.54142857142857,16.615102040816325
01/02/2025 19:10,01/02/2025 19:17,2025-02-01 N,6.28.1,53,1.4973400000000001,16.7277,40.87824,0,35.89066,16.7277
01/02/2025 20:03,01/02/2025 20:08,2025-02-01 N,6.28.1,54,1.3069736842105264,15.133815789473685,40.32015789473684,0,36.94747368421052,15.133815789473685
01/02/2025 20:14,01/02/2025 20:20,2025-02-01 N,6.28.1,55,1.048,15.433076923076923,40.50553846153846,0,36.87287179487179,15.433076923076923
01/02/2025 20:29,01/02/2025 20:34,2025-02-01 N,6.28.1,56,1.3733658536585365,15.294512195121952,42.25639024390244,0,37.231658536585364,15.294512195121952
01/02/2025 21:29,01/02/2025 21:34,2025-02-01 N,6.28.1,57,1.6011162790697675,15.716511627906979,40.55795348837209,0,38.42958139534883,15.716511627906979
01/02/2025 21:38,01/02/2025 21:43,2025-02-01 N,6.28.1,58,1.5398837209302327,15.406046511627908,40.78155813953488,0,38.33506976744186,15.406046511627908
01/02/2025 21:46,01/02/2025 21:51,2025-02-01 N,6.28.1,59,1.9974782608695651,16.74326086956522,40.707869565217386,0,37.662608695652175,16.74326086956522
01/02/2025 21:54,01/02/2025 22:00,2025-02-01 N,6.28.1,60,1.5711627906976744,15.856046511627905,42.318604651162794,0,38.34762790697675,15.856046511627905
01/02/2025 22:06,01/02/2025 22:07,2025-02-01 N,6.28.1,61,0.96475,10.0575,35.87675,0,51.69125,10.0575
01/02/2025 22:10,01/02/2025 22:15,2025-02-01 N,6.28.1,62,2.489468085106383,15.637021276595743,39.58363829787234,0,38.977000000000004,15.637021276595743
01/02/2025 22:29,01/02/2025 22:34,2025-02-01 N,6.28.1,63,1.6211363636363636,15.701590909090909,40.31004545454545,0,41.185522727272726,15.701590909090909
01/02/2025 22:37,01/02/2025 22:43,2025-02-01 N,6.28.1,64,1.4792,16.06566666666667,40.07988888888889,0,38.273577777777774,16.06566666666667
01/02/2025 22:46,01/02/2025 22:51,2025-02-01 N,6.28.1,65,1.4248085106382977,15.578297872340425,40.41740425531915,0,39.370063829787235,15.578297872340425
01/02/2025 22:55,01/02/2025 23:00,2025-02-01 N,6.28.1,66,1.716061224489796,16.584795918367348,41.22022448979592,0,40.477000000000004,16.584795918367348
01/02/2025 23:03,01/02/2025 23:13,2025-02-01 N,6.28.1,67,1.21,15.964285714285714,48.173204081632655,0,38.03108163265306,15.964285714285714
01/02/2025 23:27,01/02/2025 23:34,2025-02-01 N,6.28.1,68,1.2745531914893615,15.710744680851063,40.65674468085106,0,39.69068085106383,15.710744680851063
01/02/2025 23:36,01/02/2025 23:37,2025-02-01 N,6.28.1,69,1.5867777777777778,13.166666666666666,38.19888888888889,0,38.717999999999996,13.166666666666666
01/02/2025 23:50,01/02/2025 23:55,2025-02-01 N,6.28.1,70,1.2641052631578948,17.90565789473684,41.24978947368421,0,39.85815789473684,17.90565789473684
01/02/2025 23:58,02/02/2025 00:04,2025-02-01 N,6.28.1,71,1.712913043478261,16.324891304347826,40.48,0,40.71710869565218,16.324891304347826
02/02/2025 00:07,02/02/2025 00:14,2025-02-01 N,6.28.1,72,1.7751702127659577,14.364574468085106,45.30368085106383,0,42.20742553191489,14.364574468085106
02/02/2025 00:17,02/02/2025 00:22,2025-02-01 N,6.28.1,73,1.5102857142857145,16.096530612244898,41.08008163265306,0,40.15173469387755,16.096530612244898
02/02/2025 00:26,02/02/2025 00:33,2025-02-01 N,6.28.1,74,2.142583333333333,15.301250000000001,39.30133333333333,0,39.0486875,15.301250000000001
02/02/2025 01:33,02/02/2025 01:45,2025-02-01 N,6.28.1,75,1.79704,15.829500000000001,41.07822,0,42.911840000000005,15.829500000000001
02/02/2025 01:56,02/02/2025 02:02,2025-02-01 N,6.28.1,76,1.3237407407407407,16.336666666666666,40.95261111111111,0,43.16324074074074,16.336666666666666
02/02/2025 02:23,02/02/2025 02:29,2025-02-01 N,6.28.1,77,1.2313653846153847,16.544711538461538,41.57844230769231,0,41.02371153846154,16.544711538461538
02/02/2025 02:33,02/02/2025 02:39,2025-02-01 N,6.28.1,78,1.3946666666666667,16.55970588235294,41.45841176470588,0,41.31811764705883,16.55970588235294
02/02/2025 02:42,02/02/2025 02:48,2025-02-01 N,6.28.1,79,1.4621764705882352,16.31970588235294,41.39911764705882,0,41.51098039215686,16.31970588235294
02/02/2025 02:51,02/02/2025 02:57,2025-02-01 N,6.28.1,80,1.37098,17.2344,41.023500000000006,0,40.7546,17.2344
02/02/2025 03:00,02/02/2025 03:06,2025-02-01 N,6.28.1,81,1.38725,16.658076923076923,41.23057692307692,0,40.71498076923077,16.658076923076923
02/02/2025 03:10,02/02/2025 03:16,2025-02-01 N,6.28.1,82,1.3507692307692307,16.01221153846154,40.179826923076924,0,39.86513461538462,16.01221153846154
02/02/2025 03:20,02/02/2025 03:27,2025-02-01 N,6.28.1,83,1.5981346153846152,15.827884615384615,40.866807692307695,0,42.048634615384614,15.827884615384615
02/02/2025 03:29,02/02/2025 03:36,2025-02-01 N,6.28.1,84,1.3291960784313726,16.82676470588235,41.542313725490196,0,41.48278431372549,16.82676470588235
02/02/2025 03:39,02/02/2025 03:45,2025-02-01 N,6.28.1,85,1.4256530612244898,16.58204081632653,40.89983673469388,0,40.053836734693874,16.58204081632653
02/02/2025 03:48,02/02/2025 03:59,2025-02-01 N,6.28.1,86,1.448,15.702857142857145,41.340163265306124,0,41.89214285714286,15.702857142857145
02/02/2025 04:02,02/02/2025 04:09,2025-02-01 N,6.28.1,87,1.3847399999999999,16.0224,40.97424,0,40.26842,16.0224
02/02/2025 04:11,02/02/2025 04:18,2025-02-01 N,6.28.1,88,1.47426,16.0356,40.327220000000004,0,41.36866,16.0356
02/02/2025 04:23,02/02/2025 04:26,2025-02-01 N,6.28.1,89,1.2371666666666667,14.0675,38.39370833333333,0,40.801833333333335,14.0675
02/02/2025 04:32,02/02/2025 04:38,2025-02-01 N,6.28.1,90,1.6475000000000002,16.101428571428574,39.89114285714286,0,40.141714285714286,16.101428571428574
02/02/2025 04:43,02/02/2025 04:49,2025-02-01 N,6.28.1,91,1.4095961538461539,16.65576923076923,41.66225,0,42.610692307692304,16.65576923076923
02/02/2025 04:52,02/02/2025 04:58,2025-02-01 N,6.28.1,92,1.26512,16.3494,41.399480000000004,0,40.6353,16.3494
02/02/2025 05:04,02/02/2025 05:10,2025-02-01 N,6.28.1,93,1.4801428571428572,16.381836734693877,41.15724489795918,0,40.570673469387756,16.381836734693877
02/02/2025 05:13,02/02/2025 05:18,2025-02-01 N,6.28.1,94,1.4761020408163263,16.01816326530612,40.78475510204082,0,40.299734693877554,16.01816326530612
02/02/2025 05:22,02/02/2025 05:27,2025-02-01 N,6.28.1,95,1.4776326530612245,16.381836734693877,41.65726530612245,0,41.72377551020408,16.381836734693877
02/02/2025 05:30,02/02/2025 05:35,2025-02-01 N,6.28.1,96,3.189468085106383,15.604468085106383,39.18531914893617,0,39.11321276595744,15.604468085106383
02/02/2025 05:41,02/02/2025 05:46,2025-02-01 N,6.28.1,97,1.5430588235294118,16.545882352941177,40.65649019607844,0,39.94850980392157,16.545882352941177
02/02/2025 05:53,02/02/2025 05:59,2025-02-01 N,6.28.1,98,2.0998823529411763,15.393235294117646,40.77621568627451,0,40.022411764705886,15.393235294117646
02/02/2025 06:02,02/02/2025 06:08,2025-02-02 D,6.28.1,99,1.27762,16.602899999999998,41.476940000000006,0,39.83506,16.602899999999998
02/02/2025 06:12,02/02/2025 06:17,2025-02-02 D,6.28.1,100,1.3794489795918368,15.907346938775511,40.89404081632653,0,40.82044897959184,15.907346938775511
02/02/2025 06:23,02/02/2025 06:28,2025-02-02 D,6.28.1,101,1.404204081632653,16.451326530612246,40.48948979591837,0,41.981367346938775,16.451326530612246
02/02/2025 06:32,02/02/2025 06:37,2025-02-02 D,6.28.1,102,1.5037551020408162,16.731428571428573,41.14475510204082,0,40.87059184,16.731428571428573
02/02/2025 06:40,02/02/2025 06:40,2025-02-02 D,6.28.1,103,2.6306666666666665,7.665,36.519666666666666,0,33.041000000000004,7.665
02/02/2025 06:49,02/02/2025 06:55,2025-02-02 D,6.28.1,104,1.7189787234042553,16.547553191489364,40.50125531914894,0,40.82142553191489,16.547553191489364
02/02/2025 06:59,02/02/2025 07:04,2025-02-02 D,6.28.1,105,1.7804285714285715,15.796224489795918,40.91083673469388,0,40.913428571428575,15.796224489795918
02/02/2025 07:45,02/02/2025 07:51,2025-02-02 D,6.28.1,106,1.5452000000000001,16.1478,40.967479999999995,0,42.017300000000006,16.1478
02/02/2025 07:54,02/02/2025 08:00,2025-02-02 D,6.28.1,107,1.2999795918367347,16.370816326530612,41.16216326530612,0,41.29561224489796,16.370816326530612
02/02/2025 08:04,02/02/2025 08:09,2025-02-02 D,6.28.1,108,1.5305208333333333,16.290937500000002,41.07329166666667,0,40.57804166666667,16.290937500000002
02/02/2025 08:13,02/02/2025 08:18,2025-02-02 D,6.28.1,109,1.5409387755102042,16.03346939,41.334714285714284,0,42.74140816326531,16.03346939
02/02/2025 10:34,02/02/2025 10:40,2025-02-02 D,6.28.1,110,1.52558,16.3104,41.58244,0,41.678459999999994,16.3104
02/02/2025 10:45,02/02/2025 10:51,2025-02-02 D,6.28.1,111,1.2578653846153847,16.228557692307692,41.32501923076923,0,42.05892307692307,16.228557692307692
02/02/2025 11:16,02/02/2025 11:22,2025-02-02 D,6.28.1,112,1.2949000000000002,15.5754,41.1601,0,40.85864,15.5754
02/02/2025 11:25,02/02/2025 11:31,2025-02-02 D,6.28.1,113,1.3711041666666668,16.1846875,41.406708333333334,0,40.992416666666664,16.1846875
02/02/2025 11:35,02/02/2025 11:41,2025-02-02 D,6.28.1,114,1.3901224489795918,15.781530612244897,41.007346938775505,0,41.79802040816327,15.781530612244897
02/02/2025 11:44,02/02/2025 11:47,2025-02-02 D,6.28.1,115,1.6283333333333332,15.156875,39.5695,0,38.39725,15.156875
02/02/2025 11:54,02/02/2025 12:15,2025-02-02 D,6.28.1,116,1.7850416666666666,15.736875,45.32879166666667,0,44.613625000000006,15.736875
02/02/2025 12:18,02/02/2025 12:24,2025-02-02 D,6.28.1,117,1.4964081632653061,16.28112244897959,41.475367346938775,0,41.26726530612245,16.28112244897959
02/02/2025 12:27,02/02/2025 12:33,2025-02-02 D,6.28.1,118,1.55014,16.3068,40.30418,0,42.002939999999995,16.3068
02/02/2025 12:46,02/02/2025 12:51,2025-02-02 D,6.28.1,119,2.054157894736842,15.301973684210527,39.447210526315786,0,40.929315789473684,15.301973684210527
02/02/2025 13:05,02/02/2025 13:10,2025-02-02 D,6.28.1,120,1.8069743589743588,15.614615384615385,38.612051282051276,0,40.827564102564104,15.614615384615385
02/02/2025 13:23,02/02/2025 13:27,2025-02-02 D,6.28.1,121,2.128078947368421,15.590526315789475,39.70747368421053,0,40.61244736842105,15.590526315789475
02/02/2025 13:41,02/02/2025 13:46,2025-02-02 D,6.28.1,122,1.832525,15.906375,38.293975,0,39.429225,15.906375
02/02/2025 16:11,02/02/2025 16:19,2025-02-02 D,6.28.1,123,2.799783783783784,18.009932432432432,42.21340541,0,45.230891891891886,18.009932432432432
02/02/2025 16:30,02/02/2025 16:30,2025-02-02 D,6.28.1,124,0.645,6.675,21.201,0,32.396,6.675
02/02/2025 18:08,02/02/2025 18:08,2025-02-02 N,6.28.1,125,0.256,6.27,18.028,0,37.587,6.27
02/02/2025 18:44,02/02/2025 19:08,2025-02-02 N,6.28.1,126,2.3740799999999997,17.375880000000002,43.250552000000006,0,49.05196,17.375880000000002
02/02/2025 19:24,02/02/2025 19:40,2025-02-02 N,6.28.1,127,2.6094471544715447,17.838658536585367,43.98782926829268,0,47.11069105691057,17.838658536585367
02/02/2025 19:49,02/02/2025 20:02,2025-02-02 N,6.28.1,128,2.7667967479674793,18.012926829268295,43.35372357723577,0,45.664731707317074,18.012926829268295
02/02/2025 20:08,02/02/2025 20:17,2025-02-02 N,6.28.1,129,2.8021866666666666,17.156000000000002,41.13872,0,42.39396,17.156000000000002
02/02/2025 20:47,02/02/2025 21:02,2025-02-02 N,6.28.1,130,2.9170666666666665,16.7392,41.816226666666665,0,42.51332,16.7392
02/02/2025 21:32,02/02/2025 21:35,2025-02-02 N,6.28.1,131,3.0329591836734697,17.322857142857146,42.503530612244894,0,60.01783673469387,17.322857142857146
02/02/2025 21:41,02/02/2025 21:43,2025-02-02 N,6.28.1,132,3.119263157894737,12.138157894736842,38.57968421052632,0,38.59963157894737,12.138157894736842
02/02/2025 21:52,02/02/2025 22:01,2025-02-02 N,6.28.1,133,2.963875,18.134423076923078,44.40265384615385,0,47.60059615384615,18.134423076923078
02/02/2025 22:06,02/02/2025 22:18,2025-02-02 N,6.28.1,134,2.9063360655737704,18.209877049180328,43.62604918032787,0,45.08968032786885,18.209877049180328
02/02/2025 22:29,02/02/2025 22:43,2025-02-02 N,6.28.1,135,2.7420887096774194,17.579274193548386,43.27195161290322,0,46.85191935483871,17.579274193548386
02/02/2025 22:48,02/02/2025 23:03,2025-02-02 N,6.28.1,136,2.789192,18.018720000000002,43.67832,0,47.644752,18.018720000000002
02/02/2025 23:24,02/02/2025 23:53,2025-02-02 N,6.28.1,137,3.1543916666666667,17.434625,41.71240833333333,0,50.94241666666667,17.434625
03/02/2025 00:27,03/02/2025 00:50,2025-02-02 N,6.28.1,138,2.8765,18.176651785714288,43.289187500000004,0,46.00197321428571,18.176651785714288
03/02/2025 01:00,03/02/2025 01:00,2025-02-02 N,6.28.1,139,2.2460714285714287,17.318571428571428,45.087714285714284,0,54.85564285714286,17.318571428571428
03/02/2025 01:12,03/02/2025 01:21,2025-02-02 N,6.28.1,140,3.0728378378378376,16.459662162162164,40.630500000000005,0,43.60122972972973,16.459662162162164
03/02/2025 02:42,03/02/2025 02:45,2025-02-02 N,6.28.1,141,2.8698214285714285,12.745714285714286,37.30853571428571,0,41.967642857142856,12.745714285714286
03/02/2025 02:54,03/02/2025 03:09,2025-02-02 N,6.28.1,142,3.0899278350515464,19.268969072164946,47.476453608247425,0,52.51673195876288,19.268969072164946
03/02/2025 03:23,03/02/2025 03:46,2025-02-02 N,6.28.1,143,2.9622640000000002,17.73384,43.270455999999996,0,48.602392,17.73384
03/02/2025 03:50,03/02/2025 04:06,2025-02-02 N,6.28.1,144,2.6621774193548386,17.349314516129034,44.02492741935484,0,49.806395161290325,17.349314516129034
03/02/2025 04:17,03/02/2025 04:29,2025-02-02 N,6.28.1,145,2.7001463414634146,18.05060975609756,44.273837398373985,0,49.324203252032525,18.05060975609756
03/02/2025 04:36,03/02/2025 04:49,2025-02-02 N,6.28.1,146,2.851466019417476,17.528009708737866,42.39617475728155,0,47.19406796116505,17.528009708737866
03/02/2025 08:06,03/02/2025 08:21,2025-02-03 D,6.28.1,147,2.522904,16.22784,41.665856,0,60.522808,16.22784
03/02/2025 08:26,03/02/2025 08:38,2025-02-03 D,6.28.1,148,2.684624,16.61832,42.266048000000005,0,57.023559999999996,16.61832
03/02/2025 08:43,03/02/2025 08:51,2025-02-03 D,6.28.1,149,3.335136986,16.503698630136984,40.80601369863014,0,50.65943835616439,16.503698630136984
03/02/2025 08:59,03/02/2025 09:09,2025-02-03 D,6.28.1,150,2.7767924528301884,19.12386792,46.69743396226415,0,58.766113207547164,19.12386792
03/02/2025 09:59,03/02/2025 10:13,2025-02-03 D,6.28.1,151,2.7822258064516125,11.888225806451613,30.060548387096773,0,49.512129032258066,11.888225806451613
03/02/2025 10:45,03/02/2025 11:12,2025-02-03 D,6.28.1,152,2.772,15.233955223880596,34.30798507462686,0,50.486298507462685,15.233955223880596
03/02/2025 14:23,03/02/2025 14:23,2025-02-03 D,6.28.1,153,1.6873333333333334,9.84,32.634,0,50.763,9.84
03/02/2025 19:47,03/02/2025 19:59,2025-02-03 N,6.28.1,154,2.7098088235294115,15.450661764705883,34.709676470588235,0,47.79410294117647,15.450661764705883
03/02/2025 21:17,03/02/2025 21:27,2025-02-03 N,6.28.1,155,3.1633333333333336,15.860600000000002,35.417480000000005,0,45.943799999999996,15.860600000000002
03/02/2025 21:45,03/02/2025 21:51,2025-02-03 N,6.28.1,156,2.849113208,14.879433962264152,33.63258490566038,0,46.19056603773585,14.879433962264152
05/02/2025 07:50,05/02/2025 07:59,2025-02-05 D,6.28.1,157,1.687357142857143,16.844732142857143,48.32317857142857,0,43.40823214285714,16.844732142857143
05/02/2025 08:02,05/02/2025 08:08,2025-02-05 D,6.28.1,158,1.4606607142857142,17.424107142857142,42.28601785714285,0,41.74198214285714,17.424107142857142
05/02/2025 08:12,05/02/2025 08:18,2025-02-05 D,6.28.1,159,1.9842142857142857,18.333214285714288,41.761714285714284,0,40.97330357142857,18.333214285714288
05/02/2025 08:21,05/02/2025 08:25,2025-02-05 D,6.28.1,160,1.8209107142857144,17.68794642857143,42.050267857142856,0,41.7675,17.68794642857143
05/02/2025 08:29,05/02/2025 08:33,2025-02-05 D,6.28.1,161,2.1160535714285715,17.507142857142856,42.26398214285714,0,40.33680357142857,17.507142857142856
05/02/2025 08:56,05/02/2025 09:02,2025-02-05 D,6.28.1,162,1.847140350877193,18.073157894736845,41.325947368421055,0,40.99670175438596,18.073157894736845
05/02/2025 09:04,05/02/2025 09:17,2025-02-05 D,6.28.1,163,1.6835357142857144,17.079375000000002,47.30955357142857,0,44.04775,17.079375000000002
05/02/2025 09:20,05/02/2025 09:24,2025-02-05 D,6.28.1,164,1.9712181818181818,17.507454545454546,41.72067272727273,0,38.61414545454545,17.507454545454546
05/02/2025 09:28,05/02/2025 09:32,2025-02-05 D,6.28.1,165,1.8093214285714285,17.559375,41.98121428571428,0,38.07751785714286,17.559375
05/02/2025 09:36,05/02/2025 09:40,2025-02-05 D,6.28.1,166,1.7579464285714284,18.10098214285714,41.94805357142857,0,39.33701785714286,18.10098214285714
05/02/2025 09:52,05/02/2025 09:57,2025-02-05 D,6.28.1,167,1.6080172413793103,17.835775862068964,42.32843103448276,0,37.57010344827586,17.835775862068964
05/02/2025 10:01,05/02/2025 10:07,2025-02-05 D,6.28.1,168,1.5888983050847458,17.778305084745764,41.919254237288136,0,37.439,17.778305084745764
05/02/2025 10:09,05/02/2025 10:15,2025-02-05 D,6.28.1,169,1.392406779661017,18.042457627118647,42.42364406779661,0,37.81350847457627,18.042457627118647
05/02/2025 10:18,05/02/2025 10:24,2025-02-05 D,6.28.1,170,1.3289655172413792,17.967672413793103,42.381948275862065,0,37.33065517241379,17.967672413793103
05/02/2025 10:27,05/02/2025 10:28,2025-02-05 D,6.28.1,171,2.663625,16.074375,40.054875,0,33.407125,16.074375
05/02/2025 10:36,05/02/2025 10:41,2025-02-05 D,6.28.1,172,1.5008823529411766,18.049411764705884,42.46341176470588,0,38.264784313725485,18.049411764705884
05/02/2025 10:44,05/02/2025 10:50,2025-02-05 D,6.28.1,173,1.4669473684210526,17.922631578947367,42.45733333333334,0,37.422122807017544,17.922631578947367
05/02/2025 10:53,05/02/2025 10:59,2025-02-05 D,6.28.1,174,1.4433157894736843,17.53,42.534894736842105,0,38.23491228070175,17.53
05/02/2025 11:02,05/02/2025 11:08,2025-02-05 D,6.28.1,175,1.3748771929824561,17.396315789473686,42.46142105263158,0,38.75473684210526,17.396315789473686
05/02/2025 11:12,05/02/2025 11:17,2025-02-05 D,6.28.1,176,1.4141403508771928,17.816315789473684,42.29357894736842,0,38.183912280701755,17.816315789473684
05/02/2025 11:20,05/02/2025 11:26,2025-02-05 D,6.28.1,177,1.4019824561403509,17.77421052631579,42.31528070175439,0,37.489456140350875,17.77421052631579
05/02/2025 12:07,05/02/2025 12:07,2025-02-05 D,6.28.1,178,0.726,6.495,24.763,0,27.885,6.495
05/02/2025 12:17,05/02/2025 12:24,2025-02-05 D,6.28.1,179,1.4983392857142857,17.72625,41.93882142857143,0,38.78928571428571,17.72625
05/02/2025 12:26,05/02/2025 12:32,2025-02-05 D,6.28.1,180,1.5849464285714288,17.672410714285714,42.315267857142864,0,39.98235714285715,17.672410714285714
05/02/2025 12:35,05/02/2025 12:40,2025-02-05 D,6.28.1,181,1.787909090909091,17.470636363636363,42.067218181818184,0,38.37321818181818,17.470636363636363
05/02/2025 12:44,05/02/2025 12:48,2025-02-05 D,6.28.1,182,1.8959272727272727,17.18672727272727,42.12678181818182,0,38.595290909090906,17.18672727272727
05/02/2025 12:51,05/02/2025 12:57,2025-02-05 D,6.28.1,183,1.5505087719298247,17.366842105263157,41.352438596491226,0,38.82689474,17.366842105263157
05/02/2025 13:00,05/02/2025 13:05,2025-02-05 D,6.28.1,184,1.7379642857142859,16.999285714285715,41.87216071428571,0,39.28951785714286,16.999285714285715
05/02/2025 13:08,05/02/2025 13:13,2025-02-05 D,6.28.1,185,1.7064821428571428,17.567946428571428,42.02630357142857,0,39.04323214285714,17.567946428571428
05/02/2025 13:16,05/02/2025 13:20,2025-02-05 D,6.28.1,186,1.913142857142857,17.440982142857145,42.18451785714286,0,38.74851785714286,17.440982142857145
05/02/2025 13:32,05/02/2025 13:37,2025-02-05 D,6.28.1,187,1.6449642857142857,17.486517857142857,42.13094642857143,0,38.09914285714286,17.486517857142857
05/02/2025 13:40,05/02/2025 13:44,2025-02-05 D,6.28.1,188,1.8724545454545454,17.352,41.77476363636364,0,37.48072727272727,17.352
05/02/2025 13:47,05/02/2025 13:52,2025-02-05 D,6.28.1,189,1.8576428571428572,17.334375,42.089214285714284,0,37.99953571428572,17.334375
05/02/2025 13:55,05/02/2025 14:00,2025-02-05 D,6.28.1,190,1.7961578947368422,18.103157894736842,42.274087719298244,0,36.690105263157896,18.103157894736842
05/02/2025 14:04,05/02/2025 14:10,2025-02-05 D,6.28.1,191,1.4427368421052633,16.74763157894737,42.878771929824566,0,39.76508771929825,16.74763157894737
05/02/2025 14:13,05/02/2025 14:19,2025-02-05 D,6.28.1,192,1.5043448275862068,18.328706896551726,42.13943103448276,0,36.16801724137931,18.328706896551726
05/02/2025 14:22,05/02/2025 14:28,2025-02-05 D,6.28.1,193,1.4087068965517242,18.423362068965517,42.287241379310345,0,37.44320689655173,18.423362068965517
05/02/2025 14:32,05/02/2025 14:37,2025-02-05 D,6.28.1,194,1.3535172413793104,17.517931034482757,42.118362068965524,0,37.879,17.517931034482757
05/02/2025 14:41,05/02/2025 14:46,2025-02-05 D,6.28.1,195,1.378741379310345,17.713448275862067,42.54791379310345,0,38.31751724137931,17.713448275862067
05/02/2025 14:49,05/02/2025 14:55,2025-02-05 D,6.28.1,196,1.4182105263157894,17.558684210526316,42.09135087719298,0,37.28891228070175,17.558684210526316
05/02/2025 15:07,05/02/2025 15:12,2025-02-05 D,6.28.1,197,1.4553793103448276,17.773189655172413,42.31413793103448,0,37.58375862068966,17.773189655172413
05/02/2025 15:15,05/02/2025 15:21,2025-02-05 D,6.28.1,198,1.4472456140350876,17.51736842105263,42.41219298245614,0,36.88914035087719,17.51736842105263
05/02/2025 15:24,05/02/2025 15:29,2025-02-05 D,6.28.1,199,1.4744912280701756,17.61605263157895,42.463070175438595,0,37.43387719298246,17.61605263157895
05/02/2025 15:33,05/02/2025 15:39,2025-02-05 D,6.28.1,200,1.4876666666666667,17.232894736842105,41.80659649122807,0,37.23647368421052,17.232894736842105
05/02/2025 15:46,05/02/2025 15:52,2025-02-05 D,6.28.1,201,1.3362678571428572,17.521339285714287,42.31985714285714,0,39.237607142857144,17.521339285714287
05/02/2025 16:05,05/02/2025 16:10,2025-02-05 D,6.28.1,202,2.8482307692307693,16.59346153846154,41.17584615384616,0,38.104173076923075,16.59346153846154
05/02/2025 16:13,05/02/2025 16:19,2025-02-05 D,6.28.1,203,1.5790727272727274,17.424,42.18105454545455,0,38.06916363636364,17.424
05/02/2025 16:22,05/02/2025 16:46,2025-02-05 D,6.28.1,204,1.710857142857143,16.549017857142857,41.42314285714286,0,43.01783928571429,16.549017857142857
05/02/2025 16:49,05/02/2025 16:55,2025-02-05 D,6.28.1,205,1.366859649122807,18.001052631578947,41.93080701754386,0,38.711754385964916,18.001052631578947
05/02/2025 17:07,05/02/2025 17:12,2025-02-05 D,6.28.1,206,1.6271754385964912,17.28184210526316,41.37607018,0,38.39464912280702,17.28184210526316
05/02/2025 17:15,05/02/2025 17:20,2025-02-05 D,6.28.1,207,1.739875,17.641607142857143,42.01005357142857,0,37.80282142857143,17.641607142857143
05/02/2025 17:30,05/02/2025 17:35,2025-02-05 D,6.28.1,208,1.6805272727272729,17.421,41.946436363636366,0,39.52676363636364,17.421
05/02/2025 17:39,05/02/2025 17:44,2025-02-05 D,6.28.1,209,1.704392857142857,16.889196428571427,40.71325,0,39.49046428571428,16.889196428571427
05/02/2025 18:08,05/02/2025 18:13,2025-02-05 N,6.28.1,210,1.4749473684210528,17.09842105263158,42.18517543859649,0,41.44894736842105,17.09842105263158
05/02/2025 18:16,05/02/2025 18:21,2025-02-05 N,6.28.1,211,1.5038490566037734,16.800849056603774,42.04041509433962,0,40.791547169811324,16.800849056603774
05/02/2025 18:25,05/02/2025 18:30,2025-02-05 N,6.28.1,212,1.5026415094339622,17.077358490566038,42.04135849056604,0,40.480924528301884,17.077358490566038
05/02/2025 18:39,05/02/2025 18:44,2025-02-05 N,6.28.1,213,1.4206981132075471,16.927924528301887,42.137113207547166,0,40.693698113207546,16.927924528301887
05/02/2025 18:47,05/02/2025 18:52,2025-02-05 N,6.28.1,214,1.545326923076923,16.78932692307692,41.72005769230769,0,39.968192307692306,16.78932692307692
05/02/2025 18:55,05/02/2025 19:00,2025-02-05 N,6.28.1,215,1.477153846153846,16.994423076923077,42.11667307692308,0,40.013423076923075,16.994423076923077
05/02/2025 19:16,05/02/2025 19:20,2025-02-05 N,6.28.1,216,1.4666153846153844,16.70019230769231,42.11430769230769,0,41.02563461538462,16.70019230769231
05/02/2025 19:33,05/02/2025 19:38,2025-02-05 N,6.28.1,217,1.4340576923076922,16.763076923076923,42.105423076923074,0,40.7245,16.763076923076923
05/02/2025 19:41,05/02/2025 19:45,2025-02-05 N,6.28.1,218,1.856686274509804,16.55323529411765,41.597156862745095,0,40.25719607843138,16.55323529411765
05/02/2025 20:02,05/02/2025 20:08,2025-02-05 N,6.28.1,219,1.4699807692307691,16.73019230769231,42.501384615384616,0,42.93063461538462,16.73019230769231
05/02/2025 20:15,05/02/2025 20:22,2025-02-05 N,6.28.1,220,1.5310384615384616,16.973365384615384,41.00507692307693,0,42.80626923076923,16.973365384615384
05/02/2025 20:24,05/02/2025 20:31,2025-02-05 N,6.28.1,221,1.2997692307692306,16.823653846153846,41.78776923076923,0,43.14328846153846,16.823653846153846
05/02/2025 20:40,05/02/2025 20:46,2025-02-05 N,6.28.1,222,1.3563529411764708,16.695588235294117,41.784627450980395,0,42.37084314,16.695588235294117
05/02/2025 20:50,05/02/2025 20:55,2025-02-05 N,6.28.1,223,1.3602884615384616,16.923173076923078,41.66509615384616,0,41.959634615384616,16.923173076923078
05/02/2025 20:58,05/02/2025 21:05,2025-02-05 N,6.28.1,224,1.3034999999999999,16.613365384615385,41.39763461538462,0,41.24594230769231,16.613365384615385
05/02/2025 21:07,05/02/2025 21:12,2025-02-05 N,6.28.1,225,1.4464313725490197,16.74264705882353,41.942882352941176,0,41.73096078431372,16.74264705882353
05/02/2025 21:23,05/02/2025 21:29,2025-02-05 N,6.28.1,226,1.700673076923077,16.67451923076923,41.49238461538461,0,40.70469230769231,16.67451923076923
05/02/2025 21:31,05/02/2025 21:36,2025-02-05 N,6.28.1,227,1.7470588235294116,16.509117647058826,41.65698039215686,0,40.571745098039216,16.509117647058826
05/02/2025 21:39,05/02/2025 21:44,2025-02-05 N,6.28.1,228,1.7758076923076922,16.84096153846154,41.810884615384616,0,40.42673076923077,16.84096153846154
05/02/2025 21:47,05/02/2025 21:52,2025-02-05 N,6.28.1,229,1.8347169811320754,16.87811320754717,41.347433962264155,0,40.76239623,16.87811320754717
05/02/2025 21:55,05/02/2025 22:00,2025-02-05 N,6.28.1,230,1.5044716981132074,17.27433962264151,41.99769811320755,0,41.479547169811326,17.27433962264151
05/02/2025 22:03,05/02/2025 22:13,2025-02-05 N,6.28.1,231,1.4480943396226413,16.56254716981132,47.85816981132076,0,40.24471698113207,16.56254716981132
05/02/2025 22:16,05/02/2025 22:21,2025-02-05 N,6.28.1,232,2.0749811320754716,17.24490566037736,41.47907547169812,0,40.77850943396226,17.24490566037736
05/02/2025 22:24,05/02/2025 22:29,2025-02-05 N,6.28.1,233,1.5030961538461538,17.069423076923076,41.71217307692307,0,41.197480769230765,17.069423076923076
05/02/2025 22:32,05/02/2025 22:37,2025-02-05 N,6.28.1,234,1.5935,17.14903846153846,42.08415384615385,0,40.40346153846154,17.14903846153846
05/02/2025 22:40,05/02/2025 22:44,2025-02-05 N,6.28.1,235,1.5905576923076923,17.481346153846154,42.915653846153845,0,41.10601923076923,17.481346153846154
05/02/2025 23:44,05/02/2025 23:49,2025-02-05 N,6.28.1,236,1.4399215686274511,17.436764705882354,42.484156862745095,0,42.57823529411764,17.436764705882354
05/02/2025 23:52,05/02/2025 23:56,2025-02-05 N,6.28.1,237,1.4010980392156864,17.624411764705883,42.85568627,0,41.574098039215684,17.624411764705883
06/02/2025 00:00,06/02/2025 00:04,2025-02-05 N,6.28.1,238,1.5183600000000002,17.604300000000002,42.9118,0,42.565380000000005,17.604300000000002
06/02/2025 00:21,06/02/2025 00:27,2025-02-05 N,6.28.1,239,1.0772307692307692,17.365961538461537,43.01071153846154,0,44.55644230769231,17.365961538461537
06/02/2025 00:30,06/02/2025 00:36,2025-02-05 N,6.28.1,240,1.2470980392156863,17.563235294117646,43.54772549019607,0,44.100509803921575,17.563235294117646
06/02/2025 00:39,06/02/2025 00:44,2025-02-05 N,6.28.1,241,1.326686274509804,17.493529411764705,43.993607843137255,0,43.62996078431373,17.493529411764705
06/02/2025 00:47,06/02/2025 00:52,2025-02-05 N,6.28.1,242,1.311686274509804,17.329117647058823,44.20649019607843,0,43.40213725490196,17.329117647058823
06/02/2025 01:02,06/02/2025 01:06,2025-02-05 N,6.28.1,243,1.5387450980392157,17.168235294117647,43.90660784313726,0,43.111254901960784,17.168235294117647
06/02/2025 01:10,06/02/2025 01:14,2025-02-05 N,6.28.1,244,1.3979803921568628,17.392941176470586,44.15382352941176,0,44.39227450980392,17.392941176470586
06/02/2025 01:18,06/02/2025 01:23,2025-02-05 N,6.28.1,245,1.4547500000000002,17.18019230769231,43.587096153846154,0,42.66269230769231,17.18019230769231
06/02/2025 01:26,06/02/2025 01:29,2025-02-05 N,6.28.1,246,1.9233333333333333,17.470882352941175,43.775,0,41.50311764705882,17.470882352941175
06/02/2025 01:33,06/02/2025 01:37,2025-02-05 N,6.28.1,247,1.7120576923076922,17.569903846153846,43.619076923076925,0,41.936519230769235,17.569903846153846
06/02/2025 01:41,06/02/2025 01:45,2025-02-05 N,6.28.1,248,1.7881132075471697,17.31254716981132,43.690000000000005,0,41.02271698113208,17.31254716981132
06/02/2025 01:48,06/02/2025 01:52,2025-02-05 N,6.28.1,249,1.596259259259259,17.70861111111111,43.73961111111111,0,42.642500000000005,17.70861111111111
06/02/2025 01:55,06/02/2025 02:00,2025-02-05 N,6.28.1,250,1.4674074074074073,17.669999999999998,44.37035185185185,0,42.26603703703704,17.669999999999998
06/02/2025 02:03,06/02/2025 02:08,2025-02-05 N,6.28.1,251,1.5545555555555555,17.54527777777778,43.74827777777778,0,41.08177777777778,17.54527777777778
06/02/2025 02:11,06/02/2025 02:15,2025-02-05 N,6.28.1,252,1.5422075471698111,17.728867924528302,44.20896226415094,0,43.09735849056604,17.728867924528302
06/02/2025 02:18,06/02/2025 02:24,2025-02-05 N,6.28.1,253,1.4777500000000001,18.314423076923077,44.021884615384614,0,44.97538461538461,18.314423076923077
06/02/2025 02:27,06/02/2025 02:31,2025-02-05 N,6.28.1,254,1.6699056603773583,17.47811320754717,44.05535849056604,0,41.74630188679245,17.47811320754717
06/02/2025 02:34,06/02/2025 02:39,2025-02-05 N,6.28.1,255,1.5253269230769229,17.443557692307692,44.065711538461535,0,41.845615384615385,17.443557692307692
06/02/2025 02:42,06/02/2025 02:46,2025-02-05 N,6.28.1,256,1.5782115384615383,17.69855769230769,44.29271153846154,0,41.54828846153846,17.69855769230769
06/02/2025 02:49,06/02/2025 02:54,2025-02-05 N,6.28.1,257,1.531173076923077,17.58778846153846,44.22653846153847,0,41.852096153846155,17.58778846153846
06/02/2025 02:57,06/02/2025 03:01,2025-02-05 N,6.28.1,258,1.961941176470588,17.323529411764707,43.89437254901961,0,42.102117647058826,17.323529411764707
06/02/2025 03:04,06/02/2025 03:09,2025-02-05 N,6.28.1,259,1.5441176470588236,17.55676470588235,43.95658823529412,0,42.55868627,17.55676470588235
06/02/2025 03:17,06/02/2025 03:18,2025-02-05 N,6.28.1,260,3.255,14.71342105263158,38.34110526315789,0,38.704368421052635,14.71342105263158
06/02/2025 03:26,06/02/2025 03:29,2025-02-05 N,6.28.1,261,1.6105757575757575,17.810000000000002,46.13351515151515,0,51.62312121212121,17.810000000000002
06/02/2025 03:32,06/02/2025 03:39,2025-02-05 N,6.28.1,262,1.0375283018867925,17.384716981132076,43.87466037735849,0,45.942113207547166,17.384716981132076
06/02/2025 03:50,06/02/2025 03:56,2025-02-05 N,6.28.1,263,1.3035576923076921,17.24105769230769,43.34780769230769,0,43.940769230769234,17.24105769230769
06/02/2025 03:59,06/02/2025 04:03,2025-02-05 N,6.28.1,264,1.49375,17.539615384615384,44.21459615384616,0,43.738326923076926,17.539615384615384
06/02/2025 04:14,06/02/2025 04:20,2025-02-05 N,6.28.1,265,1.3881886792452829,17.076509433962265,43.850188679245285,0,43.627471698113204,17.076509433962265
06/02/2025 04:23,06/02/2025 04:28,2025-02-05 N,6.28.1,266,1.6204528301886794,17.198490566037737,43.55166037735849,0,42.14724528301887,17.198490566037737
06/02/2025 04:30,06/02/2025 04:35,2025-02-05 N,6.28.1,267,1.579245283018868,17.443584905660376,44.04230188679246,0,42.99573585,17.443584905660376
06/02/2025 04:38,06/02/2025 04:42,2025-02-05 N,6.28.1,268,1.5280566037735848,17.645943396226414,44.26486792,0,42.615018867924526,17.645943396226414
06/02/2025 04:58,06/02/2025 05:03,2025-02-05 N,6.28.1,269,1.3845272727272728,17.364272727272727,43.95436363636364,0,43.852836363636364,17.364272727272727
06/02/2025 05:06,06/02/2025 05:11,2025-02-05 N,6.28.1,270,1.6186666666666667,17.365833333333335,43.198907407407404,0,41.747425925925924,17.365833333333335
06/02/2025 05:13,06/02/2025 05:18,2025-02-05 N,6.28.1,271,1.5912962962962964,17.525277777777777,43.67748148148148,0,42.226333333333336,17.525277777777777
06/02/2025 05:21,06/02/2025 05:26,2025-02-05 N,6.28.1,272,1.5312075471698112,17.44132075471698,50.41337735849057,0,40.66145283018867,17.44132075471698
06/02/2025 05:30,06/02/2025 05:34,2025-02-05 N,6.28.1,273,1.5154999999999998,17.88923076923077,44.098499999999994,0,43.36488461538462,17.88923076923077
06/02/2025 05:37,06/02/2025 05:42,2025-02-05 N,6.28.1,274,1.4509245283018868,17.470471698113208,43.82286792,0,42.61569811320755,17.470471698113208
06/02/2025 05:45,06/02/2025 05:49,2025-02-05 N,6.28.1,275,1.6094230769230768,17.83673076923077,44.115,0,42.68713461538461,17.83673076923077
06/02/2025 05:52,06/02/2025 05:56,2025-02-05 N,6.28.1,276,1.6805098039215687,17.01058823529412,43.68092156862745,0,42.19207843137254,17.01058823529412
06/02/2025 06:00,06/02/2025 06:03,2025-02-06 D,6.28.1,277,2.23428,16.7382,43.05948,0,42.37894,16.7382
06/02/2025 06:46,06/02/2025 06:52,2025-02-06 D,6.28.1,278,1.98102,16.401,42.525,0,48.13334,16.401
06/02/2025 06:55,06/02/2025 06:59,2025-02-06 D,6.28.1,279,1.6310392156862747,17.61441176470588,43.996196078431375,0,43.033274509803924,17.61441176470588
06/02/2025 07:10,06/02/2025 07:14,2025-02-06 D,6.28.1,280,1.7368000000000001,17.910899999999998,43.96928,0,42.15594,17.910899999999998
06/02/2025 07:17,06/02/2025 07:21,2025-02-06 D,6.28.1,281,1.56826,17.3442,43.5408,0,43.187219999999996,17.3442
06/02/2025 07:24,06/02/2025 07:28,2025-02-06 D,6.28.1,282,1.476,17.2521,44.132,0,44.41486,17.2521
06/02/2025 07:50,06/02/2025 07:55,2025-02-06 D,6.28.1,283,1.60256,16.7262,43.85938,0,45.084920000000004,16.7262
06/02/2025 07:58,06/02/2025 08:02,2025-02-06 D,6.28.1,284,1.50072,17.2575,44.26602,0,43.689899999999994,17.2575
06/02/2025 08:06,06/02/2025 08:09,2025-02-06 D,6.28.1,285,1.8097916666666667,17.4978125,43.59835416666667,0,43.705625,17.4978125
06/02/2025 08:15,06/02/2025 08:19,2025-02-06 D,6.28.1,286,1.5871568627450978,16.971176470588233,43.50001960784314,0,42.756156862745094,16.971176470588233
06/02/2025 08:22,06/02/2025 08:27,2025-02-06 D,6.28.1,287,1.5483921568627452,17.036176470588234,43.77650980392156,0,42.34088235294117,17.036176470588234
06/02/2025 08:44,06/02/2025 08:49,2025-02-06 D,6.28.1,288,1.4819200000000001,16.9854,43.48479999999999,0,42.592560000000006,16.9854
06/02/2025 08:52,06/02/2025 08:56,2025-02-06 D,6.28.1,289,1.6662857142857141,16.97142857142857,43.85110204081633,0,43.988244897959184,16.97142857142857
06/02/2025 08:59,06/02/2025 09:08,2025-02-06 D,6.28.1,290,1.563602272727273,17.67903409090909,45.16746590909091,0,44.61843181818182,17.67903409090909
06/02/2025 09:12,06/02/2025 09:20,2025-02-06 D,6.28.1,291,2.039058139534884,17.31331395348837,44.81212790697674,0,43.35246511627907,17.31331395348837
06/02/2025 09:28,06/02/2025 09:32,2025-02-06 D,6.28.1,292,1.5210784313725492,16.985,43.854921568627454,0,42.911686274509805,16.985
06/02/2025 09:35,06/02/2025 09:40,2025-02-06 D,6.28.1,293,1.4976666666666667,17.11264705882353,43.497235294117644,0,42.40427450980392,17.11264705882353
06/02/2025 09:42,06/02/2025 09:49,2025-02-06 D,6.28.1,294,1.371078431372549,17.079117647058823,44.05468627,0,43.956745098039214,17.079117647058823
06/02/2025 09:53,06/02/2025 10:03,2025-02-06 D,6.28.1,295,1.3844,16.908,45.490140000000004,0,44.399499999999996,16.908
06/02/2025 10:06,06/02/2025 10:11,2025-02-06 D,6.28.1,296,1.353078431372549,17.428529411764707,43.910215686274505,0,45.64933333333333,17.428529411764707
06/02/2025 10:23,06/02/2025 10:29,2025-02-06 D,6.28.1,297,1.1698518518518517,16.99361111111111,44.2707037,0,46.833518518518524,16.99361111111111
06/02/2025 10:33,06/02/2025 10:38,2025-02-06 D,6.28.1,298,1.2416415094339623,17.448962264150943,44.17067924528302,0,43.53628301886792,17.448962264150943
06/02/2025 10:41,06/02/2025 10:48,2025-02-06 D,6.28.1,299,1.0753018867924529,16.780188679245285,43.48337735849057,0,43.51862264150944,16.780188679245285
06/02/2025 10:50,06/02/2025 10:56,2025-02-06 D,6.28.1,300,1.2566153846153845,17.387884615384614,44.27644230769231,0,43.74505769230769,17.387884615384614
06/02/2025 10:59,06/02/2025 11:04,2025-02-06 D,6.28.1,301,1.451698113207547,17.04990566037736,43.54286792,0,43.27666037735849,17.04990566037736
06/02/2025 11:07,06/02/2025 11:13,2025-02-06 D,6.28.1,302,1.4471886792452828,16.829716981132076,43.63462264150944,0,43.15956603773585,16.829716981132076
06/02/2025 11:16,06/02/2025 11:20,2025-02-06 D,6.28.1,303,1.5413584905660376,16.882641509433963,44.069471698113205,0,42.92775471698113,16.882641509433963
06/02/2025 11:24,06/02/2025 11:39,2025-02-06 D,6.28.1,304,1.9988867924528302,15.856132075471699,42.961528301886794,0,42.17328301886793,15.856132075471699
06/02/2025 11:42,06/02/2025 11:47,2025-02-06 D,6.28.1,305,1.413781818181818,17.288999999999998,44.39763636363636,0,43.303363636363635,17.288999999999998
06/02/2025 11:50,06/02/2025 11:54,2025-02-06 D,6.28.1,306,1.6984642857142858,16.911964285714284,43.58491071428572,0,42.17075,16.911964285714284
06/02/2025 11:58,06/02/2025 12:02,2025-02-06 D,6.28.1,307,1.7879074074074073,16.870833333333334,43.652462962962964,0,41.67787037037037,16.870833333333334
06/02/2025 12:05,06/02/2025 12:10,2025-02-06 D,6.28.1,308,1.4884074074074074,16.8775,43.89490741,0,43.353796296296295,16.8775
06/02/2025 12:13,06/02/2025 12:17,2025-02-06 D,6.28.1,309,1.7283584905660376,17.12179245283019,43.944415094339625,0,42.88662264150943,17.12179245283019
06/02/2025 12:20,06/02/2025 12:24,2025-02-06 D,6.28.1,310,1.5701153846153846,17.33480769230769,44.17009615384615,0,42.36821153846154,17.33480769230769
06/02/2025 12:27,06/02/2025 12:32,2025-02-06 D,6.28.1,311,1.4752307692307693,17.320673076923075,44.115788461538465,0,42.49705769,17.320673076923075
06/02/2025 12:42,06/02/2025 12:46,2025-02-06 D,6.28.1,312,1.8235490196078432,16.963823529411766,43.82652941,0,41.73972549019608,16.963823529411766
06/02/2025 12:49,06/02/2025 12:53,2025-02-06 D,6.28.1,313,1.7092745098039217,16.871176470588235,43.86717647058824,0,41.73594117647059,16.871176470588235
06/02/2025 12:57,06/02/2025 13:01,2025-02-06 D,6.28.1,314,1.713423076923077,17.052692307692308,44.364384615384616,0,42.99311538461538,17.052692307692308
06/02/2025 13:04,06/02/2025 13:08,2025-02-06 D,6.28.1,315,1.6258627450980392,17.16029411764706,44.02874509803922,0,42.72843137254902,17.16029411764706
06/02/2025 13:11,06/02/2025 13:15,2025-02-06 D,6.28.1,316,1.6934200000000001,17.2395,44.0853,0,43.73254,17.2395
06/02/2025 13:26,06/02/2025 13:31,2025-02-06 D,6.28.1,317,1.80054,16.9332,44.14408,0,42.47808,16.9332
06/02/2025 14:30,06/02/2025 14:35,2025-02-06 D,6.28.1,318,1.4562244897959185,17.201020408163266,44.19636734693877,0,44.10055102040817,17.201020408163266
06/02/2025 14:38,06/02/2025 14:51,2025-02-06 D,6.28.1,319,1.9387872340425534,16.522021276595744,42.642382978723404,0,42.51355319148936,16.522021276595744
06/02/2025 15:01,06/02/2025 15:07,2025-02-06 D,6.28.1,320,1.7165744680851065,16.592553191489362,43.56165957446808,0,44.82757446808511,16.592553191489362
06/02/2025 16:09,06/02/2025 16:15,2025-02-06 D,6.28.1,321,1.4550833333333333,16.8465625,45.00920833333333,0,43.26741666666666,16.8465625
06/02/2025 16:18,06/02/2025 16:29,2025-02-06 D,6.28.1,322,1.8777529411764706,17.84135294117647,44.53288235294118,0,45.63498823529412,17.84135294117647
06/02/2025 16:34,06/02/2025 16:57,2025-02-06 D,6.28.1,323,2.3741764705882353,17.015470588235296,44.10810588235294,0,45.116400000000006,17.015470588235296
06/02/2025 17:05,06/02/2025 17:15,2025-02-06 D,6.28.1,324,1.3868152173913044,17.682554347826088,44.77126086956522,0,48.23709782608696,17.682554347826088
06/02/2025 17:36,06/02/2025 17:36,2025-02-06 D,6.28.1,325,0.384,19.305,39.293,0,47.763,19.305
06/02/2025 17:45,06/02/2025 18:10,2025-02-06 D,6.28.1,326,1.4402954545454545,18.075511363636362,48.83415909090909,0,44.96702272727273,18.075511363636362
06/02/2025 18:14,06/02/2025 18:23,2025-02-06 N,6.28.1,327,1.578125,17.952443181818182,44.71580681818182,0,47.07060227272727,17.952443181818182
06/02/2025 18:27,06/02/2025 18:35,2025-02-06 N,6.28.1,328,2.6278488372093025,17.053953488372095,44.223430232558144,0,44.62289534883721,17.053953488372095
06/02/2025 18:40,06/02/2025 18:48,2025-02-06 N,6.28.1,329,2.202453488372093,17.61174418604651,44.55605813953488,0,43.477755813953486,17.61174418604651
06/02/2025 19:01,06/02/2025 19:11,2025-02-06 N,6.28.1,330,1.536054347826087,17.652228260869567,44.56227173913044,0,44.93961956521739,17.652228260869567
06/02/2025 19:21,06/02/2025 19:31,2025-02-06 N,6.28.1,331,1.5043444444444443,17.824,44.959944444444446,0,47.1578,17.824
06/02/2025 19:37,06/02/2025 19:46,2025-02-06 N,6.28.1,332,1.5833956043956043,17.791483516483517,44.90279120879121,0,47.61752747252747,17.791483516483517
06/02/2025 19:52,06/02/2025 20:09,2025-02-06 N,6.28.1,333,1.5870879120879122,17.37923076923077,44.61575824175824,0,46.253945054945056,17.37923076923077
06/02/2025 21:01,06/02/2025 21:08,2025-02-06 N,6.28.1,334,2.716813953488372,16.737906976744185,41.52286046511628,0,43.04467441860465,16.737906976744185
06/02/2025 21:25,06/02/2025 21:32,2025-02-06 N,6.28.1,335,1.0811764705882352,17.323676470588236,43.757441176470586,0,52.784588235294116,17.323676470588236
06/02/2025 21:36,06/02/2025 21:50,2025-02-06 N,6.28.1,336,1.454388888888889,17.643,44.733266666666665,0,47.55877777777778,17.643
06/02/2025 21:54,06/02/2025 22:04,2025-02-06 N,6.28.1,337,2.0285348837209303,17.60110465116279,44.17412790697674,0,45.5685,17.60110465116279
06/02/2025 22:23,06/02/2025 22:40,2025-02-06 N,6.28.1,338,1.9436744186046513,16.914767441860466,44.74001162790698,0,48.60748837209302,16.914767441860466
06/02/2025 22:54,06/02/2025 23:03,2025-02-06 N,6.28.1,339,1.7693820224719101,17.805337078651686,44.14583146067415,0,47.71759550561798,17.805337078651686
07/02/2025 19:53,07/02/2025 19:58,2025-02-07 N,6.28.1,340,1.6790677966101695,17.491271186440677,45.56922033898305,0,46.34291525423729,17.491271186440677
07/02/2025 21:07,07/02/2025 21:12,2025-02-07 N,6.28.1,341,1.9113898305084747,17.680677966101698,46.872440677966104,0,49.98216949152542,17.680677966101698
07/02/2025 21:20,07/02/2025 21:29,2025-02-07 N,6.28.1,342,1.2505409836065573,18.39909836065574,47.293918032786884,0,43.824737704918036,18.39909836065574
07/02/2025 21:40,07/02/2025 21:47,2025-02-07 N,6.28.1,343,1.38645,18.58925,48.08121666666667,0,44.247566666666664,18.58925
07/02/2025 21:52,07/02/2025 21:58,2025-02-07 N,6.28.1,344,1.3004262295081965,18.93516393442623,48.13562295081967,0,44.22447540983607,18.93516393442623
07/02/2025 22:02,07/02/2025 22:09,2025-02-07 N,6.28.1,345,1.2659836065573769,18.00565573770492,47.848622950819674,0,43.11785245901639,18.00565573770492
07/02/2025 22:13,07/02/2025 22:20,2025-02-07 N,6.28.1,346,1.3452131147540984,18.622377049180326,47.42019672131148,0,42.81259016393443,18.622377049180326
07/02/2025 22:34,07/02/2025 22:41,2025-02-07 N,6.28.1,347,1.3029661016949152,18.403983050847458,47.99101694915254,0,45.89069491525424,18.403983050847458
07/02/2025 22:45,07/02/2025 22:52,2025-02-07 N,6.28.1,348,1.1956949152542373,17.76635593220339,48.082389830508475,0,44.050728813559324,17.76635593220339
07/02/2025 22:57,07/02/2025 23:02,2025-02-07 N,6.28.1,349,1.3174833333333333,17.86325,47.9515,0,44.52141666666667,17.86325