rigSerial,holeID,currentShift,startHoleTime,status,drilledMeters,reDrillStatus
0,1,2025-01-31 D,31/01/2025 15:15,Success,3.912,0
0,2,2025-01-31 D,31/01/2025 15:23,Success,3.991,0
0,3,2025-01-31 D,31/01/2025 15:35,Success,3.909,0
0,4,2025-01-31 D,31/01/2025 15:43,Success,3.891,0
0,5,2025-01-31 D,31/01/2025 15:53,Success,3.901,0
0,6,2025-01-31 D,31/01/2025 16:00,Success,4.07,0
0,7,2025-01-31 D,31/01/2025 16:17,Success,4.385,0
0,8,2025-01-31 D,31/01/2025 16:38,Success,5.005,0
0,9,2025-01-31 D,31/01/2025 17:07,Success,5.129,0
0,10,2025-01-31 D,31/01/2025 17:28,Success,4.685,0
0,11,2025-01-31 D,31/01/2025 17:37,Success,5.492,0
0,12,2025-01-31 D,31/01/2025 17:57,Success,4.852,0
0,13,2025-01-31 N,31/01/2025 18:10,Success,4.876,0
0,14,2025-01-31 N,31/01/2025 18:20,Success,4.988,0
0,15,2025-01-31 N,31/01/2025 18:38,Success,5.015,0
0,16,2025-01-31 N,31/01/2025 18:54,Success,5.001,0
0,17,2025-01-31 N,31/01/2025 19:17,Success,4.951,0
0,18,2025-01-31 N,31/01/2025 19:40,Success,4.808,0
0,19,2025-01-31 N,31/01/2025 19:57,Success,4.701,0
0,20,2025-01-31 N,31/01/2025 20:15,Success,4.553,0
0,21,2025-01-31 N,31/01/2025 20:43,Success,4.477,0
0,22,2025-01-31 N,31/01/2025 20:55,Success,4.405,0
0,23,2025-01-31 N,31/01/2025 21:11,Success,4.317,0
0,24,2025-01-31 N,31/01/2025 21:21,Success,4.402,0
0,25,2025-01-31 N,31/01/2025 21:47,Success,4.288,0
0,26,2025-01-31 N,31/01/2025 21:57,Success,4.392,0
0,27,2025-01-31 N,31/01/2025 22:09,Success,4.381,0
0,28,2025-01-31 N,31/01/2025 22:47,Success,3.905,0
0,29,2025-01-31 N,31/01/2025 22:56,Success,3.969,0
0,30,2025-01-31 N,31/01/2025 23:05,Success,3.928,0
0,31,2025-01-31 N,31/01/2025 23:13,Success,3.947,0
0,32,2025-01-31 N,31/01/2025 23:20,Success,3.865,0
0,33,2025-01-31 N,31/01/2025 23:29,Success,3.938,0
0,34,2025-01-31 N,31/01/2025 23:47,Success,3.845,0
0,35,2025-01-31 N,31/01/2025 23:55,Success,3.897,0
0,36,2025-01-31 N,01/02/2025 00:03,Success,3.919,0
0,37,2025-01-31 N,01/02/2025 00:11,Success,3.999,0
0,38,2025-01-31 N,01/02/2025 00:19,Success,3.989,0
0,39,2025-01-31 N,01/02/2025 00:39,Success,3.975,0
0,40,2025-01-31 N,01/02/2025 01:05,Success,3.973,0
0,41,2025-01-31 N,01/02/2025 01:13,Success,3.963,0
0,42,2025-01-31 N,01/02/2025 01:22,Success,4.007,0
0,43,2025-01-31 N,01/02/2025 01:34,Success,4.093,0
0,44,2025-01-31 N,01/02/2025 01:44,Success,4.244,0
0,45,2025-01-31 N,01/02/2025 01:56,Success,3.953,0
0,46,2025-01-31 N,01/02/2025 02:04,Success,4.073,0
0,47,2025-01-31 N,01/02/2025 02:14,Success,4.177,0
0,48,2025-01-31 N,01/02/2025 02:22,Success,4.321,0
0,49,2025-01-31 N,01/02/2025 02:31,Success,4.365,0
0,50,2025-01-31 N,01/02/2025 02:42,Success,4.436,0
0,51,2025-01-31 N,01/02/2025 03:02,Success,4.22,0
0,52,2025-01-31 N,01/02/2025 03:11,Success,4.273,0
0,53,2025-01-31 N,01/02/2025 03:27,Success,4.445,0
0,54,2025-01-31 N,01/02/2025 03:41,Success,4.361,0
0,55,2025-01-31 N,01/02/2025 03:52,Success,4.631,0
0,56,2025-01-31 N,01/02/2025 04:04,Success,4.569,0
0,57,2025-01-31 N,01/02/2025 04:14,Success,4.982,0
0,58,2025-01-31 N,01/02/2025 04:23,Success,4.847,0
0,59,2025-01-31 N,01/02/2025 04:32,Success,4.914,0
0,60,2025-01-31 N,01/02/2025 04:47,Success,5.12,0
0,61,2025-01-31 N,01/02/2025 04:55,Success,5.206,0
0,62,2025-01-31 N,01/02/2025 05:09,Success,5.296,0
0,63,2025-01-31 N,01/02/2025 05:20,Fail,5.023,0
0,64,2025-01-31 N,01/02/2025 05:51,Success,5.049,0
0,65,2025-02-01 D,01/02/2025 06:00,Success,5.004,0
0,66,2025-02-01 D,01/02/2025 06:19,Success,5.049,0
0,67,2025-02-01 D,01/02/2025 06:28,Success,5.138,0
0,68,2025-02-01 D,01/02/2025 06:35,Success,5.203,0
0,69,2025-02-01 D,01/02/2025 06:46,Success,5.129,0
0,70,2025-02-01 D,01/02/2025 06:56,Success,5.023,0
0,71,2025-02-01 D,01/02/2025 07:05,Success,4.92,0
0,72,2025-02-01 D,01/02/2025 07:30,Success,5.064,0
0,73,2025-02-01 D,01/02/2025 08:04,Success,5.195,0
0,74,2025-02-01 D,01/02/2025 08:13,Success,5.221,0
0,75,2025-02-01 D,01/02/2025 08:37,Success,5.264,0
0,76,2025-02-01 D,01/02/2025 08:47,Success,5.172,0
0,77,2025-02-01 D,01/02/2025 08:56,Success,5.075,0
0,78,2025-02-01 D,01/02/2025 09:07,Success,5.004,0
0,79,2025-02-01 D,01/02/2025 09:25,Success,5.079,0
0,80,2025-02-01 D,01/02/2025 09:35,Success,5.191,0
0,81,2025-02-01 D,01/02/2025 09:47,Success,5.256,0
0,82,2025-02-01 D,01/02/2025 10:04,Success,5.174,0
0,83,2025-02-01 D,01/02/2025 10:15,Fail,1.038,0
0,84,2025-02-01 N,01/02/2025 18:23,Success,4.092,0
0,85,2025-02-01 N,01/02/2025 18:34,Success,4.997,0
0,86,2025-02-01 N,01/02/2025 18:50,Success,5.073,0
0,87,2025-02-01 N,01/02/2025 19:01,Success,5.086,0
0,88,2025-02-01 N,01/02/2025 19:10,Success,5.169,0
0,89,2025-02-01 N,01/02/2025 19:45,Success,3.94,0
0,90,2025-02-01 N,01/02/2025 20:03,Success,3.989,0
0,91,2025-02-01 N,01/02/2025 20:14,Success,3.998,0
0,92,2025-02-01 N,01/02/2025 20:29,Success,4.312,0
0,93,2025-02-01 N,01/02/2025 21:15,Success,4.391,0
0,94,2025-02-01 N,01/02/2025 21:29,Success,4.471,0
0,95,2025-02-01 N,01/02/2025 21:37,Success,4.565,0
0,96,2025-02-01 N,01/02/2025 21:46,Success,4.763,0
0,97,2025-02-01 N,01/02/2025 21:54,Success,4.819,0
0,98,2025-02-01 N,01/02/2025 22:10,Success,4.914,0
0,99,2025-02-01 N,01/02/2025 22:20,Success,4.626,0
0,100,2025-02-01 N,01/02/2025 22:29,Success,4.667,0
0,101,2025-02-01 N,01/02/2025 22:37,Success,4.683,0
0,102,2025-02-01 N,01/02/2025 22:46,Success,4.837,0
0,103,2025-02-01 N,01/02/2025 22:54,Success,5.134,0
0,104,2025-02-01 N,01/02/2025 23:03,Success,5.141,0
0,105,2025-02-01 N,01/02/2025 23:16,Success,5.208,0
0,106,2025-02-01 N,01/02/2025 23:27,Success,4.837,0
0,107,2025-02-01 N,01/02/2025 23:36,Success,4.812,0
0,108,2025-02-01 N,01/02/2025 23:58,Success,4.859,0
0,109,2025-02-01 N,02/02/2025 00:07,Success,4.929,0
0,110,2025-02-01 N,02/02/2025 00:17,Success,5.088,0
0,111,2025-02-01 N,02/02/2025 00:26,Success,5.351,0
0,112,2025-02-01 N,02/02/2025 01:33,Success,5.271,0
0,113,2025-02-01 N,02/02/2025 01:56,Success,5.592,0
0,114,2025-02-01 N,02/02/2025 02:06,Success,5.465,0
0,115,2025-02-01 N,02/02/2025 02:23,Success,5.374,0
0,116,2025-02-01 N,02/02/2025 02:32,Success,5.328,0
0,117,2025-02-01 N,02/02/2025 02:42,Success,5.305,0
0,118,2025-02-01 N,02/02/2025 02:51,Success,5.317,0
0,119,2025-02-01 N,02/02/2025 03:00,Success,5.411,0
0,120,2025-02-01 N,02/02/2025 03:10,Success,5.355,0
0,121,2025-02-01 N,02/02/2025 03:20,Success,5.404,0
0,122,2025-02-01 N,02/02/2025 03:29,Success,5.276,0
0,123,2025-02-01 N,02/02/2025 03:39,Success,5.151,0
0,124,2025-02-01 N,02/02/2025 03:48,Success,5.064,0
0,125,2025-02-01 N,02/02/2025 04:02,Success,5.159,0
0,126,2025-02-01 N,02/02/2025 04:11,Success,5.205,0
0,127,2025-02-01 N,02/02/2025 04:23,Success,5.325,0
0,128,2025-02-01 N,02/02/2025 04:43,Success,5.415,0
0,129,2025-02-01 N,02/02/2025 04:52,Success,5.217,0
0,130,2025-02-01 N,02/02/2025 05:04,Success,5.14,0
0,131,2025-02-01 N,02/02/2025 05:13,Success,5.101,0
0,132,2025-02-01 N,02/02/2025 05:22,Success,5.145,0
0,133,2025-02-01 N,02/02/2025 05:30,Success,5.231,0
0,134,2025-02-01 N,02/02/2025 05:41,Success,5.362,0
0,135,2025-02-01 N,02/02/2025 05:53,Success,5.411,0
0,136,2025-02-02 D,02/02/2025 06:02,Success,5.217,0
0,137,2025-02-02 D,02/02/2025 06:12,Success,5.126,0
0,138,2025-02-02 D,02/02/2025 06:23,Success,5.053,0
0,139,2025-02-02 D,02/02/2025 06:32,Success,5.046,0
0,140,2025-02-02 D,02/02/2025 06:40,Success,5.146,0
0,141,2025-02-02 D,02/02/2025 06:59,Success,5.18,0
0,142,2025-02-02 D,02/02/2025 07:12,Success,5.27,0
0,143,2025-02-02 D,02/02/2025 07:45,Success,5.155,0
0,144,2025-02-02 D,02/02/2025 07:54,Success,5.058,0
0,145,2025-02-02 D,02/02/2025 08:04,Success,5.05,0
0,146,2025-02-02 D,02/02/2025 08:13,Success,5.099,0
0,147,2025-02-02 D,02/02/2025 10:10,Success,5.179,0
0,148,2025-02-02 D,02/02/2025 10:34,Success,5.238,0
0,149,2025-02-02 D,02/02/2025 10:45,Success,5.329,0
0,150,2025-02-02 D,02/02/2025 11:16,Success,5.169,0
0,151,2025-02-02 D,02/02/2025 11:25,Success,5.015,0
0,152,2025-02-02 D,02/02/2025 11:35,Success,5.044,0
0,153,2025-02-02 D,02/02/2025 11:44,Success,5.06,0
0,154,2025-02-02 D,02/02/2025 12:18,Success,5.081,0
0,155,2025-02-02 D,02/02/2025 12:27,Success,5.143,0
0,156,2025-02-02 D,02/02/2025 12:46,Success,4.013,0
0,157,2025-02-02 D,02/02/2025 12:56,Success,3.962,0
0,158,2025-02-02 D,02/02/2025 13:05,Success,4.028,0
0,159,2025-02-02 D,02/02/2025 13:23,Success,4.049,0
0,160,2025-02-02 D,02/02/2025 13:41,Success,4.172,0
0,161,2025-02-02 D,02/02/2025 16:11,Fail,11.722,0
0,162,2025-02-02 N,02/02/2025 18:44,Success,13.265,0
0,163,2025-02-02 N,02/02/2025 19:24,Success,13.133,0
0,164,2025-02-02 N,02/02/2025 19:49,Success,13.107,0
0,165,2025-02-02 N,02/02/2025 20:08,Success,13.254,0
0,166,2025-02-02 N,02/02/2025 20:47,Success,13.083,0
0,167,2025-02-02 N,02/02/2025 21:41,Success,13.002,0
0,168,2025-02-02 N,02/02/2025 22:06,Success,13.027,0
0,169,2025-02-02 N,02/02/2025 22:29,Success,13.158,0
0,170,2025-02-02 N,02/02/2025 22:48,Success,13.157,0
0,171,2025-02-02 N,02/02/2025 23:24,Fail,12.972,0
0,172,2025-02-02 N,02/02/2025 23:57,Success,13.171,0
0,173,2025-02-02 N,03/02/2025 00:27,Success,13.342,0
0,174,2025-02-02 N,03/02/2025 02:42,Success,13.289,0
0,175,2025-02-02 N,03/02/2025 03:23,Success,13.255,0
0,176,2025-02-02 N,03/02/2025 03:50,Success,13.185,0
0,177,2025-02-02 N,03/02/2025 04:17,Success,13.084,0
0,178,2025-02-02 N,03/02/2025 04:36,Fail,10.944,0
0,179,2025-02-03 D,03/02/2025 08:06,Success,13.243,0
0,180,2025-02-03 D,03/02/2025 08:26,Success,13.316,0
0,181,2025-02-03 D,03/02/2025 08:43,Success,13.355,0
0,182,2025-02-03 D,03/02/2025 09:23,Fail,7.902,0
0,183,2025-02-03 D,03/02/2025 10:45,Success,14.905,0
0,184,2025-02-03 D,03/02/2025 14:20,Fail,0.781,0
0,185,2025-02-03 N,03/02/2025 19:47,Fail,7.216,0
0,186,2025-02-03 N,03/02/2025 21:17,Success,13.387,0
0,187,2025-02-05 D,05/02/2025 07:50,Success,5.801,0
0,188,2025-02-05 D,05/02/2025 08:02,Success,5.818,0
0,189,2025-02-05 D,05/02/2025 08:12,Success,5.83,0
0,190,2025-02-05 D,05/02/2025 08:21,Success,5.827,0
0,191,2025-02-05 D,05/02/2025 08:29,Success,5.872,0
0,192,2025-02-05 D,05/02/2025 08:36,Success,5.925,0
0,193,2025-02-05 D,05/02/2025 08:48,Success,5.915,0
0,194,2025-02-05 D,05/02/2025 08:56,Success,5.904,0
0,195,2025-02-05 D,05/02/2025 09:04,Success,5.846,0
0,196,2025-02-05 D,05/02/2025 09:20,Success,5.863,0
0,197,2025-02-05 D,05/02/2025 09:28,Success,5.921,0
0,198,2025-02-05 D,05/02/2025 09:36,Success,5.911,0
0,199,2025-02-05 D,05/02/2025 09:44,Success,5.933,0
0,200,2025-02-05 D,05/02/2025 09:52,Success,6.024,0
0,201,2025-02-05 D,05/02/2025 10:01,Success,6.089,0
0,202,2025-02-05 D,05/02/2025 10:09,Success,6.112,0
0,203,2025-02-05 D,05/02/2025 10:18,Success,6.049,0
0,204,2025-02-05 D,05/02/2025 10:27,Success,6.063,0
0,205,2025-02-05 D,05/02/2025 10:44,Success,5.937,0
0,206,2025-02-05 D,05/02/2025 10:53,Success,5.938,0
0,207,2025-02-05 D,05/02/2025 11:02,Success,5.942,0
0,208,2025-02-05 D,05/02/2025 11:12,Success,5.946,0
0,209,2025-02-05 D,05/02/2025 11:20,Success,5.915,0
0,210,2025-02-05 D,05/02/2025 12:17,Success,5.746,0
0,211,2025-02-05 D,05/02/2025 12:26,Success,5.819,0
0,212,2025-02-05 D,05/02/2025 12:35,Success,5.784,0
0,213,2025-02-05 D,05/02/2025 12:44,Success,5.814,0
0,214,2025-02-05 D,05/02/2025 12:51,Success,5.885,0
0,215,2025-02-05 D,05/02/2025 13:00,Success,5.909,0
0,216,2025-02-05 D,05/02/2025 13:08,Success,5.882,0
0,217,2025-02-05 D,05/02/2025 13:16,Success,5.843,0
0,218,2025-02-05 D,05/02/2025 13:32,Success,5.855,0
0,219,2025-02-05 D,05/02/2025 13:40,Success,5.8,0
0,220,2025-02-05 D,05/02/2025 13:47,Success,5.848,0
0,221,2025-02-05 D,05/02/2025 13:55,Success,5.926,0
0,222,2025-02-05 D,05/02/2025 14:03,Success,5.998,0
0,223,2025-02-05 D,05/02/2025 14:13,Success,6.032,0
0,224,2025-02-05 D,05/02/2025 14:22,Success,5.997,0
0,225,2025-02-05 D,05/02/2025 14:32,Success,6.045,0
0,226,2025-02-05 D,05/02/2025 14:41,Success,5.995,0
0,227,2025-02-05 D,05/02/2025 14:49,Success,5.955,0
0,228,2025-02-05 D,05/02/2025 14:58,Success,5.956,0
0,229,2025-02-05 D,05/02/2025 15:07,Success,6.01,0
0,230,2025-02-05 D,05/02/2025 15:15,Success,5.928,0
0,231,2025-02-05 D,05/02/2025 15:24,Success,5.905,0
0,232,2025-02-05 D,05/02/2025 15:33,Success,5.922,0
0,233,2025-02-05 D,05/02/2025 15:46,Success,5.832,0
0,234,2025-02-05 D,05/02/2025 15:56,Success,5.797,0
0,235,2025-02-05 D,05/02/2025 16:05,Success,5.736,0
0,236,2025-02-05 D,05/02/2025 16:13,Success,5.801,0
0,237,2025-02-05 D,05/02/2025 16:22,Success,5.831,0
0,238,2025-02-05 D,05/02/2025 16:49,Success,5.925,0
0,239,2025-02-05 D,05/02/2025 17:07,Success,5.897,0
0,240,2025-02-05 D,05/02/2025 17:15,Success,5.814,0
0,241,2025-02-05 D,05/02/2025 17:30,Success,5.784,0
0,242,2025-02-05 D,05/02/2025 17:39,Success,5.859,0
0,243,2025-02-05 D,05/02/2025 17:47,Success,5.889,0
0,244,2025-02-05 D,05/02/2025 17:55,Success,5.935,0
0,245,2025-02-05 N,05/02/2025 18:08,Success,5.971,0
0,246,2025-02-05 N,05/02/2025 18:16,Success,5.618,0
0,247,2025-02-05 N,05/02/2025 18:25,Success,5.539,0
0,248,2025-02-05 N,05/02/2025 18:39,Success,5.495,0
0,249,2025-02-05 N,05/02/2025 18:47,Success,5.502,0
0,250,2025-02-05 N,05/02/2025 18:55,Success,5.431,0
0,251,2025-02-05 N,05/02/2025 19:15,Success,5.42,0
0,252,2025-02-05 N,05/02/2025 19:24,Success,5.366,0
0,253,2025-02-05 N,05/02/2025 19:33,Success,5.393,0
0,254,2025-02-05 N,05/02/2025 19:41,Success,5.412,0
0,255,2025-02-05 N,05/02/2025 20:02,Success,5.36,0
0,256,2025-02-05 N,05/02/2025 20:15,Success,5.377,0
0,257,2025-02-05 N,05/02/2025 20:24,Success,5.348,0
0,258,2025-02-05 N,05/02/2025 20:40,Success,5.341,0
0,259,2025-02-05 N,05/02/2025 20:50,Success,5.396,0
0,260,2025-02-05 N,05/02/2025 20:58,Success,5.4,0
0,261,2025-02-05 N,05/02/2025 21:07,Success,5.353,0
0,262,2025-02-05 N,05/02/2025 21:15,Success,5.367,0
0,263,2025-02-05 N,05/02/2025 21:23,Success,5.356,0
0,264,2025-02-05 N,05/02/2025 21:31,Success,5.375,0
0,265,2025-02-05 N,05/02/2025 21:39,Success,5.429,0
0,266,2025-02-05 N,05/02/2025 21:47,Success,5.486,0
0,267,2025-02-05 N,05/02/2025 21:55,Success,5.531,0
0,268,2025-02-05 N,05/02/2025 22:03,Success,5.518,0
0,269,2025-02-05 N,05/02/2025 22:16,Success,5.524,0
0,270,2025-02-05 N,05/02/2025 22:24,Success,5.472,0
0,271,2025-02-05 N,05/02/2025 22:32,Success,5.445,0
0,272,2025-02-05 N,05/02/2025 22:40,Success,5.443,0
0,273,2025-02-05 N,05/02/2025 22:47,Success,5.452,0
0,274,2025-02-05 N,05/02/2025 23:37,Success,5.327,0
0,275,2025-02-05 N,05/02/2025 23:44,Success,5.266,0
0,276,2025-02-05 N,05/02/2025 23:52,Success,5.344,0
0,277,2025-02-05 N,06/02/2025 00:00,Success,5.288,0
0,278,2025-02-05 N,06/02/2025 00:12,Success,5.36,0
0,279,2025-02-05 N,06/02/2025 00:21,Success,5.377,0
0,280,2025-02-05 N,06/02/2025 00:30,Success,5.325,0
0,281,2025-02-05 N,06/02/2025 00:39,Success,5.348,0
0,282,2025-02-05 N,06/02/2025 00:47,Success,5.341,0
0,283,2025-02-05 N,06/02/2025 01:02,Success,5.323,0
0,284,2025-02-05 N,06/02/2025 01:10,Success,5.338,0
0,285,2025-02-05 N,06/02/2025 01:18,Success,5.373,0
0,286,2025-02-05 N,06/02/2025 01:26,Success,5.399,0
0,287,2025-02-05 N,06/02/2025 01:33,Success,5.456,0
0,288,2025-02-05 N,06/02/2025 01:40,Success,5.558,0
0,289,2025-02-05 N,06/02/2025 01:48,Success,5.61,0
0,290,2025-02-05 N,06/02/2025 01:55,Success,5.601,0
0,291,2025-02-05 N,06/02/2025 02:03,Success,5.554,0
0,292,2025-02-05 N,06/02/2025 02:11,Success,5.517,0
0,293,2025-02-05 N,06/02/2025 02:18,Success,5.428,0
0,294,2025-02-05 N,06/02/2025 02:27,Success,5.462,0
0,295,2025-02-05 N,06/02/2025 02:34,Success,5.473,0
0,296,2025-02-05 N,06/02/2025 02:42,Success,5.436,0
0,297,2025-02-05 N,06/02/2025 02:49,Success,5.398,0
0,298,2025-02-05 N,06/02/2025 02:57,Success,5.347,0
0,299,2025-02-05 N,06/02/2025 03:04,Success,5.34,0
0,300,2025-02-05 N,06/02/2025 03:17,Success,5.502,0
0,301,2025-02-05 N,06/02/2025 03:32,Success,5.419,0
0,302,2025-02-05 N,06/02/2025 03:42,Success,5.38,0
0,303,2025-02-05 N,06/02/2025 03:50,Success,5.374,0
0,304,2025-02-05 N,06/02/2025 03:59,Success,5.45,0
0,305,2025-02-05 N,06/02/2025 04:14,Success,5.442,0
0,306,2025-02-05 N,06/02/2025 04:23,Success,5.483,0
0,307,2025-02-05 N,06/02/2025 04:30,Success,5.555,0
0,308,2025-02-05 N,06/02/2025 04:38,Success,5.571,0
0,309,2025-02-05 N,06/02/2025 04:58,Success,5.646,0
0,310,2025-02-05 N,06/02/2025 05:06,Success,5.626,0
0,311,2025-02-05 N,06/02/2025 05:13,Success,5.588,0
0,312,2025-02-05 N,06/02/2025 05:21,Success,5.544,0
0,313,2025-02-05 N,06/02/2025 05:30,Success,5.498,0
0,314,2025-02-05 N,06/02/2025 05:37,Success,5.477,0
0,315,2025-02-05 N,06/02/2025 05:45,Success,5.412,0
0,316,2025-02-05 N,06/02/2025 05:52,Success,5.346,0
0,317,2025-02-06 D,06/02/2025 06:00,Success,5.401,0
0,318,2025-02-06 D,06/02/2025 06:46,Success,5.383,0
0,319,2025-02-06 D,06/02/2025 06:55,Success,5.362,0
0,320,2025-02-06 D,06/02/2025 07:02,Success,5.289,0
0,321,2025-02-06 D,06/02/2025 07:10,Success,5.231,0
0,322,2025-02-06 D,06/02/2025 07:17,Success,5.165,0
0,323,2025-02-06 D,06/02/2025 07:24,Success,5.178,0
0,324,2025-02-06 D,06/02/2025 07:50,Success,5.171,0
0,325,2025-02-06 D,06/02/2025 07:58,Success,5.191,0
0,326,2025-02-06 D,06/02/2025 08:05,Success,5.151,0
0,327,2025-02-06 D,06/02/2025 08:15,Success,5.286,0
0,328,2025-02-06 D,06/02/2025 08:22,Success,5.26,0
0,329,2025-02-06 D,06/02/2025 08:30,Success,5.226,0
0,330,2025-02-06 D,06/02/2025 08:36,Success,5.21,0
0,331,2025-02-06 D,06/02/2025 08:44,Success,5.176,0
0,332,2025-02-06 D,06/02/2025 08:52,Success,5.137,0
0,333,2025-02-06 D,06/02/2025 08:59,Success,9.114,0
0,334,2025-02-06 D,06/02/2025 09:12,Success,9.16,0
0,335,2025-02-06 D,06/02/2025 09:27,Success,5.278,0
0,336,2025-02-06 D,06/02/2025 09:35,Success,5.26,0
0,337,2025-02-06 D,06/02/2025 09:42,Success,5.298,0
0,338,2025-02-06 D,06/02/2025 09:53,Success,5.245,0
0,339,2025-02-06 D,06/02/2025 10:06,Success,5.246,0
0,340,2025-02-06 D,06/02/2025 10:23,Success,5.608,0
0,341,2025-02-06 D,06/02/2025 10:33,Success,5.54,0
0,342,2025-02-06 D,06/02/2025 10:41,Success,5.439,0
0,343,2025-02-06 D,06/02/2025 10:50,Success,5.406,0
0,344,2025-02-06 D,06/02/2025 10:59,Success,5.435,0
0,345,2025-02-06 D,06/02/2025 11:07,Success,5.472,0
0,346,2025-02-06 D,06/02/2025 11:16,Success,5.616,0
0,347,2025-02-06 D,06/02/2025 11:24,Success,5.688,0
0,348,2025-02-06 D,06/02/2025 11:42,Success,5.729,0
0,349,2025-02-06 D,06/02/2025 11:50,Success,6.016,0